CLASS,LNE,NNU,SM,E_N,ENERGY,ENTROPY,INERTIA,RA
Ideal froth str.,32.040584,6708.7447,328.95851,-5.2559986,9.1651677,-8.4274836,23360.9935,1.023020847
Ideal froth str.,32.131155,6589.4653,302.50626,-5.1463446,8.132807,-7.53210405,24434.5995,1.011295313
Ideal froth str.,32.135716,6739.416,334.38344,-5.275197,10.18461183,-9.26468325,21620.55575,0.988300344
Ideal froth str.,32.167146,6722.9592,318.59239,-5.231802,10.17611018,-9.2393851,21260.1685,0.992430773
Ideal froth str.,32.244547,6693.8539,300.3969,-5.1517856,9.90049095,-8.976971025,21121.885,1.054352174
Ideal froth str.,32.257684,6623.9867,309.82315,-5.1558953,9.131723775,-8.3484646,23919.55625,1.010317814
Ideal froth str.,32.271779,6590.9824,315.62314,-5.2083154,9.071797925,-8.36085295,22897.97325,1.036256331
Ideal froth str.,32.288436,6778.4028,291.37631,-5.1760189,8.978225525,-8.238065025,21854.924,1.037238882
Ideal froth str.,32.301143,6597.4525,311.61412,-5.200344,8.84791605,-8.1714297,23537.9775,1.003536609
Ideal froth str.,32.320295,6735.0295,333.30308,-5.2732164,11.2907647,-10.15640745,20867.517,1.041244213
Ideal froth str.,32.337464,6531.1082,329.85577,-5.2008336,9.056034025,-8.315462925,23641.061,1.002355221
Ideal froth str.,32.339646,6316.5263,314.8025,-5.1538034,7.301814625,-6.86422735,27006.6695,1.022448435
Ideal froth str.,32.34186,6647.9628,312.53483,-5.2045272,10.01363753,-9.11438295,21701.36875,1.022560985
Ideal froth str.,32.364862,6601.435,308.14089,-5.174204,8.4257906,-7.7770192,24090.313,0.993351521
Ideal froth str.,32.381453,6562.5113,317.98298,-5.1967637,10.34126638,-9.3583536,22034.25475,1.023490558
Ideal froth str.,32.38337,6621.3688,300.79214,-5.1447019,9.7361149,-8.856752025,22125.40875,0.979035263
Ideal froth str.,32.391483,6609.078,312.4649,-5.1845636,9.658069075,-8.8016909,22450.13175,0.945689294
Ideal froth str.,32.393664,6690.2119,339.59434,-5.2719333,11.515041,-10.30828273,20835.634,0.98012981
Ideal froth str.,32.401233,6571.2759,324.18129,-5.2110631,9.61486015,-8.8077149,21838.12475,1.008729796
Ideal froth str.,32.404637,6568.1246,320.64105,-5.2065154,9.28190645,-8.528584475,22728.09225,1.056662804
Ideal froth str.,32.416617,6642.2826,340.28791,-5.2716597,11.4145885,-10.2911043,20175.0825,1.056846679
Ideal froth str.,32.425887,6716.818,329.37455,-5.2563328,10.50402283,-9.502220175,21134.49825,1.032893667
Ideal froth str.,32.42906,6808.1715,338.57839,-5.2952202,11.46843535,-10.30004995,20585.182,0.958605885
Ideal froth str.,32.433737,6596.7923,337.35219,-5.2566493,10.44386763,-9.485023625,21751.53725,0.972016423
Ideal froth str.,32.435025,6363.0194,315.33299,-5.1510227,7.7172753,-7.209209775,26383.68075,0.997252962
Ideal froth str.,32.470768,6572.5935,346.50529,-5.272199,9.631298,-8.82359785,23272.7545,1.001001721
Ideal froth str.,32.476436,6602.0953,306.18051,-5.1679359,9.85418115,-8.949449925,22747.75925,0.998289583
Ideal froth str.,32.489424,6723.7802,323.95125,-5.2454875,11.242237,-10.13195298,19742.0605,1.012200523
Ideal froth str.,32.501256,6540.4554,330.73676,-5.2191901,10.28997,-9.342746625,22424.20025,1.029580332
Ideal froth str.,32.51317,6911.5662,328.68334,-5.265165,13.2773815,-11.59240175,18431.0585,1.013031481
Ideal froth str.,32.513864,6690.7447,309.8387,-5.1781086,10.90967318,-9.813789925,20604.99475,0.982474325
Ideal froth str.,32.518805,6315.7477,316.70084,-5.1423952,7.793043025,-7.27470415,26257.287,1.001176479
Ideal froth str.,32.523977,6556.2039,312.70553,-5.1742287,9.3191803,-8.4836845,23495.49275,0.948148493
Ideal froth str.,32.538254,6516.1565,340.77974,-5.2546449,9.57033825,-8.7581872,24056.1175,1.072385298
Ideal froth str.,32.548913,6350.6836,327.91093,-5.1906702,7.909451375,-7.3795387,26431.04075,0.978247898
Ideal froth str.,32.59191,6494.321,343.36455,-5.2316306,10.63483063,-9.647828125,21560.4695,1.064308362
Ideal froth str.,32.593232,6295.6845,350.3909,-5.2220805,8.708382975,-8.0653332,26425.137,0.986597702
Ideal froth str.,32.594669,6505.5388,356.70375,-5.2636773,10.887637,-9.8285236,21777.57575,1.024213991
Ideal froth str.,32.599032,6507.1288,320.33827,-5.1799021,10.01604943,-9.089049175,23124.64875,0.970521834
Ideal froth str.,32.653695,6597.2076,334.97825,-5.2307621,11.7342325,-10.4320499,21427.9035,0.921095181
Ideal froth str.,32.658437,6525.8258,322.2728,-5.2069149,9.3994675,-8.633781775,22899.7505,0.965337584
Ideal froth str.,32.685323,6495.7927,319.20497,-5.168561,9.9550898,-9.016625275,23643.7005,1.004277916
Ideal froth str.,32.712324,6615.3859,338.01264,-5.2526751,12.1663965,-10.80749128,20517.89225,1.001507501
Ideal froth str.,32.726552,6669.6512,351.24598,-5.292328,12.89400375,-11.370947,20196.6695,0.972276368
Ideal froth str.,32.727659,6611.1366,323.97429,-5.2074728,11.26144075,-10.0306332,21516.42725,0.983028489
Ideal froth str.,32.734847,6558.9507,313.2756,-5.178951,10.72767073,-9.6892593,22015.50325,1.029540878
Ideal froth str.,32.736714,6646.3392,346.95829,-5.2896552,11.54813225,-10.31161805,21545.20075,0.994780767
Ideal froth str.,32.739094,6432.2981,360.75066,-5.2540949,10.72043438,-9.65593535,24334.3055,0.987200385
Ideal froth str.,32.795938,6605.564,323.29865,-5.1826892,11.63120275,-10.2462283,22928.3995,0.973883517
Ideal froth str.,32.827698,6476.3297,317.39251,-5.1592641,10.91092573,-9.8222622,22111.2445,1.037523847
Ideal froth str.,32.852601,6790.4959,358.64626,-5.3126385,15.70167025,-13.51293725,17064.972,1.013850093
Ideal froth str.,32.874265,6775.0526,323.89117,-5.2442203,12.96304975,-11.36169075,19247.632,1.123448907
Ideal froth str.,32.974403,6776.9043,327.8474,-5.2309655,14.90763625,-12.8656805,17525.14775,1.054200535
Ideal froth str.,33.110401,6641.0276,331.97092,-5.1848888,15.24777175,-13.03328175,16946.45175,0.964527647
Ideal froth str.,33.155711,6775.6833,302.29029,-5.1789403,14.40849975,-12.50192275,16963.445,1.008387142
Polyhedral bubbles,31.584523,7692.4637,329.23286,-5.3539902,10.31066763,-9.387328125,17268.0875,1.251000827
Polyhedral bubbles,31.612152,7698.0365,306.81311,-5.2984914,10.44050915,-9.5086968,16120.3605,1.087054661
Polyhedral bubbles,31.697766,7386.2479,336.40819,-5.3400907,9.680139975,-8.87033935,18427.64475,1.062357187
Polyhedral bubbles,31.717546,7478.8821,338.46809,-5.3538053,10.23799538,-9.299202375,18793.57825,1.190241105
Polyhedral bubbles,31.733674,6889.6372,311.83766,-5.241206,7.4330636,-6.97205265,22492.8665,1.007584363
Polyhedral bubbles,31.757899,6714.3301,305.4688,-5.208054,7.0580852,-6.661284925,23430.04125,1.049802722
Polyhedral bubbles,31.783727,7809.654,329.58922,-5.3461196,11.6013015,-10.40430653,16720.38075,1.147159244
Polyhedral bubbles,31.792005,7500.8713,321.56208,-5.3173041,9.658380775,-8.858756525,18662.77875,1.246501808
Polyhedral bubbles,31.801424,7144.3067,321.38053,-5.2840291,8.854478425,-8.13359305,21288.0405,1.161661437
Polyhedral bubbles,31.805209,7242.8424,344.55625,-5.3332735,10.75026005,-9.654187975,19781.536,1.023553727
Polyhedral bubbles,31.805489,7416.5416,304.97609,-5.2641939,9.22034835,-8.496811225,18662.75475,1.181686538
Polyhedral bubbles,31.82631,7221.4801,344.18688,-5.3278935,10.72378478,-9.62948365,19942.6125,1.018481708
Polyhedral bubbles,31.833003,7554.7371,298.39054,-5.2617796,11.51692365,-10.23282425,17657.972,1.172259309
Polyhedral bubbles,31.856336,6762.4188,341.55157,-5.2980616,8.139905975,-7.5952265,22763.7525,1.05693891
Polyhedral bubbles,31.875207,6891.3633,265.57439,-5.1182674,7.289281375,-6.841007425,21263.1365,1.016210239
Polyhedral bubbles,31.903414,6706.0698,331.2437,-5.2700084,7.6103874,-7.1398324,23818.73925,1.014751269
Polyhedral bubbles,31.903678,6936.1457,310.7892,-5.2396814,9.9574203,-9.063534875,20124.23225,1.091562915
Polyhedral bubbles,31.923128,7212.9966,317.38494,-5.2653646,11.538551,-10.31578883,17645.3735,1.052477247
Polyhedral bubbles,31.932695,6797.8315,283.24648,-5.1568562,8.3837251,-7.77069125,21233.69825,0.98774825
Polyhedral bubbles,31.936711,7420.2535,330.49843,-5.3276323,10.22219528,-9.2989705,18190.23625,1.221036853
Polyhedral bubbles,31.941784,6933.5863,332.30911,-5.2880884,10.03109378,-9.112245725,19967.79625,0.958419813
Polyhedral bubbles,31.943866,6614.3056,300.67313,-5.1854309,7.0551678,-6.650653775,24919.29875,1.013191306
Polyhedral bubbles,31.944197,6626.0106,297.01089,-5.1783053,7.5529737,-7.076461275,22995.751,1.000899305
Polyhedral bubbles,31.949435,7295.4533,304.96325,-5.2683615,9.081327475,-8.410944275,18339.0225,1.29583652
Polyhedral bubbles,31.962721,6783.3544,329.38844,-5.272215,7.64856,-7.172883725,22464.35525,1.033364434
Polyhedral bubbles,31.964092,7013.3142,314.63881,-5.2560371,10.5037633,-9.47444345,18155.97125,0.981670362
Polyhedral bubbles,31.977196,6888.3918,320.03586,-5.2764938,9.049226,-8.3152813,21749.16125,1.068237377
Polyhedral bubbles,31.99301,6864.833,324.72158,-5.2674554,9.61091155,-8.810525375,20648.912,1.051058603
Polyhedral bubbles,31.994431,6555.8385,322.1257,-5.2204552,6.991220875,-6.596806825,24879.29825,1.013641653
Polyhedral bubbles,31.995571,7108.2523,277.24873,-5.171762,8.37219415,-7.776414775,20967.179,1.075362522
Polyhedral bubbles,32.00119,7201.1432,325.00801,-5.2845843,10.72191638,-9.66601615,18221.503,1.042884949
Polyhedral bubbles,32.001867,6976.5694,291.53845,-5.1858555,8.5238635,-7.861349775,20964.4875,1.075361255
Polyhedral bubbles,32.011237,6730.9286,319.81595,-5.233306,7.7095069,-7.223567775,22548.36825,1.051625205
Polyhedral bubbles,32.017433,7300.7647,343.27118,-5.3622937,11.89120575,-10.54892438,19163.236,1.316115887
Polyhedral bubbles,32.019565,7076.1235,287.08601,-5.1898054,8.855590125,-8.13356645,20338.667,1.040838036
Polyhedral bubbles,32.033561,7723.185,353.45629,-5.4096102,13.4537125,-11.86345675,15855.27475,1.132630669
Polyhedral bubbles,32.061884,6480.2542,343.04942,-5.2415791,7.378351875,-6.931819075,25912.07875,1.021261699
Polyhedral bubbles,32.074873,7356.5024,304.52865,-5.2621529,12.29855675,-10.95609123,16702.79925,1.178596086
Polyhedral bubbles,32.08915,6688.7606,297.00377,-5.1843718,7.854646525,-7.356060075,21465.87325,1.007318453
Polyhedral bubbles,32.106468,7023.8579,310.41166,-5.2488471,10.21410695,-9.288828625,19051.4945,1.034451179
Polyhedral bubbles,32.110632,6795.5176,334.85323,-5.2806075,9.9310186,-8.988474125,21703.592,0.979810708
Polyhedral bubbles,32.111475,6655.6255,299.50686,-5.1773553,7.3175784,-6.860477025,23871.86825,1.045106712
Polyhedral bubbles,32.115391,6982.9801,326.10574,-5.2845762,10.81490183,-9.66574585,19034.64475,1.026989517
Polyhedral bubbles,32.116911,7091.2781,283.81284,-5.2037749,8.74340535,-8.130742825,18285.17025,0.972931312
Polyhedral bubbles,32.120745,7089.1893,321.57674,-5.2910677,10.4002676,-9.432800375,18972.717,1.009534096
Polyhedral bubbles,32.124033,6680.9653,342.21966,-5.2907887,8.082194275,-7.50421295,24390.4355,1.015675846
Polyhedral bubbles,32.127685,7628.8667,325.32838,-5.3210704,13.83719625,-12.04333425,15219.88,1.283589138
Polyhedral bubbles,32.139616,7563.6348,331.28171,-5.3427633,12.97565975,-11.459273,15547.4735,1.153585974
Polyhedral bubbles,32.141335,7248.9205,308.72321,-5.2666952,11.80395475,-10.51050013,15925.14775,0.939519713
Polyhedral bubbles,32.150307,6807.9579,330.23746,-5.2606161,9.8569563,-8.94132915,21682.32375,0.999379762
Polyhedral bubbles,32.153844,6608.0576,335.57178,-5.2463616,8.960792325,-8.23773545,23576.1785,1.044077995
Polyhedral bubbles,32.154372,6694.0001,345.66716,-5.3005013,8.807787675,-8.118255775,22855.69675,1.05235656
Polyhedral bubbles,32.160999,7323.1425,316.2903,-5.2908246,10.87351363,-9.8428663,16844.576,1.237409709
Polyhedral bubbles,32.168848,6770.1914,330.02389,-5.2725164,9.2783395,-8.510355225,21992.7575,0.994906693
Polyhedral bubbles,32.17678,7128.9498,271.40579,-5.1570512,10.13345558,-9.2353968,15508.134,1.100113828
Polyhedral bubbles,32.177325,6593.6972,292.04898,-5.143868,7.090825825,-6.67463945,24052.6995,0.970127708
Polyhedral bubbles,32.178036,6629.2705,331.13763,-5.2474392,8.49851055,-7.850161375,23994.33475,0.981431263
Polyhedral bubbles,32.216174,6727.0039,333.14918,-5.2560112,7.97049375,-7.42945365,22843.24775,1.04897501
Polyhedral bubbles,32.227923,7108.9866,311.67217,-5.247781,11.7690105,-10.5165323,17058.646,1.035589762
Polyhedral bubbles,32.23212,6688.1831,312.61964,-5.2250361,8.40069145,-7.790403475,21785.852,0.999196313
Polyhedral bubbles,32.240135,6547.224,341.77054,-5.2420809,8.383195375,-7.7741185,24905.14375,1.022987955
Polyhedral bubbles,32.258295,7375.8199,324.87545,-5.2947581,12.4747505,-10.945634,17468.1495,1.175705753
Polyhedral bubbles,32.261336,6511.0693,285.98286,-5.1191788,7.184830025,-6.744962425,25230.9275,1.054635276
Polyhedral bubbles,32.267384,6420.8651,336.38251,-5.2160766,7.112964525,-6.690741425,26314.571,1.023449449
Polyhedral bubbles,32.281099,7487.1419,312.71391,-5.2972595,12.114054,-10.73309083,15920.1075,1.204098732
Polyhedral bubbles,32.285974,6440.1907,365.75314,-5.2893442,7.8781473,-7.36158495,25733.82175,1.001000251
Polyhedral bubbles,32.296616,7214.2716,330.51423,-5.3028998,11.56737,-10.3142334,17650.97525,1.024033888
Polyhedral bubbles,32.305952,6677.9894,334.20998,-5.2673058,9.180595025,-8.3844708,22850.7,1.046713317
Polyhedral bubbles,32.318197,7063.9172,351.9416,-5.3264032,13.09610575,-11.383216,19638.0015,0.995838008
Polyhedral bubbles,32.320246,6705.0249,323.01168,-5.2402164,8.4748969,-7.812126,22797.2745,1.077722029
Polyhedral bubbles,32.330871,7030.0891,340.36604,-5.2893994,11.89170275,-10.5362858,19795.33475,1.021416182
Polyhedral bubbles,32.338621,7257.3779,291.51155,-5.2415779,11.81870925,-10.59728093,16225.08075,1.032116872
Polyhedral bubbles,32.338869,7140.5846,278.05886,-5.1803644,10.67044543,-9.6931458,16432.124,1.03068587
Polyhedral bubbles,32.352023,6921.1474,321.69656,-5.2607113,10.20934793,-9.25348275,19328.11225,0.947403733
Polyhedral bubbles,32.360318,6711.7878,316.52517,-5.2005021,9.3194669,-8.5258607,22148.96425,1.015673825
Polyhedral bubbles,32.373918,6754.7696,294.4829,-5.1803803,9.146725075,-8.416684075,20154.239,1.004945836
Polyhedral bubbles,32.374463,6733.3595,335.54235,-5.2721692,10.08939825,-9.146367175,22422.79425,1.070628387
Polyhedral bubbles,32.376991,6737.6993,337.31618,-5.2428256,10.04343048,-9.057289675,23314.15925,1.081767793
Polyhedral bubbles,32.384031,6961.7348,341.86932,-5.3111297,11.739902,-10.49255238,19140.25825,1.105492615
Polyhedral bubbles,32.401216,7012.829,303.76933,-5.2039196,11.92802325,-10.5897841,17522.489,1.004013867
Polyhedral bubbles,32.402009,7128.9195,363.89317,-5.3476666,13.79783025,-12.02625075,17781.518,1.09539935
Polyhedral bubbles,32.42407,7217.4797,315.30336,-5.2564213,12.92364775,-11.397459,15538.6375,0.991284884
Polyhedral bubbles,32.432662,6551.9614,364.00002,-5.2897058,8.98614295,-8.272944375,24724.48925,1.015328004
Polyhedral bubbles,32.460473,6742.734,361.09839,-5.3029298,11.7615155,-10.37624165,21755.04275,1.020863462
Polyhedral bubbles,32.464753,7453.024,278.39637,-5.1915317,12.94846325,-11.4357135,14213.00675,0.995086095
Polyhedral bubbles,32.470405,6661.8058,304.50504,-5.1836739,9.412643375,-8.56573085,22631.615,1.004674918
Polyhedral bubbles,32.595859,7083.2194,361.60159,-5.3378952,15.7145435,-13.25663625,16715.424,1.049585919
Polyhedral bubbles,32.603708,6898.3515,361.6995,-5.3318903,15.151107,-12.97630125,17157.69225,1.045765098
Polyhedral bubbles,32.610814,7036.5873,322.67172,-5.2582115,14.364461,-12.45276525,15919.52375,0.97933472
Polyhedral bubbles,32.617176,7133.5353,346.68904,-5.3197343,14.83526775,-12.714224,16928.934,0.997628272
Polyhedral bubbles,32.673161,7000.1857,313.86718,-5.2560104,13.14874875,-11.5661,16590.82125,1.038140828
Polyhedral bubbles,32.734153,6984.4054,398.21586,-5.3985279,18.137668,-14.93422575,18005.61025,0.996697816
Polyhedral bubbles,32.763005,6980.7309,356.53625,-5.3047194,15.81004375,-13.36846075,16586.73275,1.036516921
Polyhedral bubbles,32.789956,6790.8342,318.00145,-5.228166,12.989646,-11.3801895,18053.15475,1.034491803
Polyhedral bubbles,32.84999,6906.5398,295.29536,-5.1974001,12.78557475,-11.23501325,16352.00375,0.991454507
Polyhedral bubbles,32.977593,6581.2529,382.31851,-5.3228199,13.65629275,-11.938553,19629.9065,1.022758468
Ellipsoidal bubbles,31.943436,6572.3732,238.19116,-4.9912011,5.247878125,-5.04779045,25865.1685,1.276859258
Ellipsoidal bubbles,31.976287,6620.4428,259.72706,-5.0436065,5.893823675,-5.636835625,25335.50575,1.175444238
Ellipsoidal bubbles,31.99967,6600.361,269.46682,-5.0895837,6.026522025,-5.75861615,25170.3365,1.319682574
Ellipsoidal bubbles,31.99967,6600.361,269.46682,-5.0895837,6.026522025,-5.75861615,25170.3365,1.319682574
Ellipsoidal bubbles,31.99967,6600.361,269.46682,-5.0895837,6.026522025,-5.75861615,25170.3365,1.319682574
Ellipsoidal bubbles,32.01431,6364.2712,257.15254,-5.0054066,4.736798575,-4.57971905,33994.59,0.925645789
Ellipsoidal bubbles,32.074113,6289.7884,255.84429,-4.9704871,4.488992275,-4.34475895,36700.90325,1.193322149
Ellipsoidal bubbles,32.07907,6530.8145,274.11579,-5.077335,5.8509025,-5.5902035,27078.3295,1.142062768
Ellipsoidal bubbles,32.110037,6628.0445,259.7331,-5.0529887,6.02556625,-5.742622125,24714.30925,1.128040703
Ellipsoidal bubbles,32.116382,6412.862,279.24271,-5.0672966,5.590578075,-5.35864875,28324.569,1.089182576
Ellipsoidal bubbles,32.133155,6307.8974,263.2884,-5.0050492,4.711378125,-4.552686725,34912.8115,1.201706179
Ellipsoidal bubbles,32.153249,6259.7353,268.44539,-5.013741,4.184828125,-4.07180005,37202.23825,1.127506146
Ellipsoidal bubbles,32.202178,6622.5452,282.67238,-5.1236706,7.783190825,-7.237218525,23244.69175,1.22683009
Ellipsoidal bubbles,32.227279,6487.1069,284.15103,-5.070739,6.759479875,-6.370091225,25844.2095,1.114490451
Ellipsoidal bubbles,32.28723,6426.6339,282.16149,-5.0768991,6.247056875,-5.9473312,26574.1915,1.014118376
Ellipsoidal bubbles,32.300945,6491.5456,278.75319,-5.0881055,5.96048195,-5.695912325,26804.48525,1.190464531
Ellipsoidal bubbles,32.303903,6194.2751,269.50754,-4.9963946,4.856186025,-4.69521065,33382.646,1.075647051
Ellipsoidal bubbles,32.310215,6247.2008,287.00588,-5.0391731,5.185346825,-4.981684125,34727.2885,1.119883825
Ellipsoidal bubbles,32.317618,6454.9959,281.99534,-5.0724596,6.48826825,-6.1243251,28084.5645,1.161695161
Ellipsoidal bubbles,32.320114,6247.6682,264.14285,-4.982086,4.84554915,-4.6669751,35524.7775,1.155037583
Ellipsoidal bubbles,32.322229,6473.8519,274.61295,-5.0484043,6.772973575,-6.37183475,25311.3995,1.206514695
Ellipsoidal bubbles,32.322229,6473.8519,274.61295,-5.0484043,6.772973575,-6.37183475,25311.3995,1.206514695
Ellipsoidal bubbles,32.340042,6315.0666,256.23657,-4.987771,4.6572881,-4.504554925,34698.167,1.228543917
Ellipsoidal bubbles,32.357641,6157.9748,294.0799,-5.025029,5.050496,-4.860835325,36822.88475,1.09955312
Ellipsoidal bubbles,32.365821,6443.7749,268.64942,-5.0256462,6.753278425,-6.3497393,26828.26275,1.08411109
Ellipsoidal bubbles,32.367704,6143.9857,277.30822,-4.9975428,5.064161975,-4.873002325,31878.41525,1.073907844
Ellipsoidal bubbles,32.385121,6659.517,253.1593,-5.0407078,7.248139,-6.807161175,22368.14775,1.007603493
Ellipsoidal bubbles,32.402703,6337.0389,283.62732,-5.0452707,6.8724749,-6.453160675,27847.35125,1.10571482
Ellipsoidal bubbles,32.420401,6173.8678,269.47277,-4.9769099,4.736798575,-4.57971905,33994.59,1.08032685
Ellipsoidal bubbles,32.444577,6218.9878,267.99499,-4.9804191,5.42552095,-5.1804437,34522.2755,1.158862653
Ellipsoidal bubbles,32.453236,6500.023,298.51776,-5.1235473,8.719065325,-8.030627375,24277.36775,1.187931402
Ellipsoidal bubbles,32.454343,6433.3224,292.17027,-5.0965463,7.0909143,-6.672380925,25889.2075,1.107167656
Ellipsoidal bubbles,32.456673,6467.2543,286.17825,-5.0859769,7.107672275,-6.670558875,25853.492,1.136662612
Ellipsoidal bubbles,32.482996,6149.8485,267.12243,-4.9642057,4.8781966,-4.71602325,29656.7625,1.114796235
Ellipsoidal bubbles,32.4981,6153.6017,281.71958,-5.0115808,4.856186025,-4.69521065,33382.646,1.075647051
Ellipsoidal bubbles,32.514492,6170.0921,264.49151,-4.9532206,4.914711475,-4.7251413,36207.73475,1.112134837
Ellipsoidal bubbles,32.520127,6149.1305,269.41113,-4.9826722,4.93208645,-4.76464835,31520.94675,1.071967551
Ellipsoidal bubbles,32.528968,6630.4616,320.43071,-5.1844383,9.953058225,-8.9709342,23100.12975,1.190761396
Ellipsoidal bubbles,32.550185,6174.6625,287.45338,-5.0310194,5.17267735,-4.970072025,31502.2235,1.077736052
Irregular froth str.,31.780223,6662.9665,263.57458,-5.0911101,5.33306855,-5.134369575,25715.7515,1.189264286
Irregular froth str.,31.842141,6743.1022,255.38628,-5.0692608,6.1773858,-5.8987874,21444.8765,1.036157438
Irregular froth str.,31.847958,6552.8801,245.99802,-5.0117608,5.2338606,-5.039540725,26253.6865,1.095305479
Irregular froth str.,31.856534,6631.1531,266.96469,-5.0944581,6.343617575,-6.048681425,22907.51725,1.1488844
Irregular froth str.,31.861987,6703.3852,264.13866,-5.0809082,6.1033643,-5.830898725,23543.5765,1.05376669
Irregular froth str.,31.872926,6997.4113,258.17665,-5.1078326,6.50151285,-6.1617708,21283.3725,1.126335519
Irregular froth str.,31.881122,6718.7786,262.41786,-5.0647615,6.218164925,-5.92665035,24003.77075,1.104336296
Irregular froth str.,31.888145,6555.6572,255.73303,-5.0170034,5.812868475,-5.5573013,25728.048,1.159194674
Irregular froth str.,31.891335,6799.2356,231.45928,-4.9976358,6.462954925,-6.1276246,20400.07175,1.196986329
Irregular froth str.,31.893714,6472.4414,280.95814,-5.0926387,5.365716075,-5.1597778,29281.246,1.109895992
Irregular froth str.,31.893879,6682.4868,266.76082,-5.0881912,6.778043475,-6.41166015,22706.22775,1.102170145
Irregular froth str.,31.908933,6519.5161,268.3454,-5.0666235,5.36707115,-5.16206615,26856.0705,1.074236742
Irregular froth str.,31.925326,6794.8241,283.70509,-5.1521149,8.0533209,-7.511527675,20632.4085,1.220311757
Irregular froth str.,31.950856,6530.1351,249.97655,-5.0056839,5.084255225,-4.90581545,27160.2975,1.132052061
Irregular froth str.,31.982781,6614.3775,260.38841,-5.0498853,5.990162025,-5.711102875,24938.586,1.137277869
Irregular froth str.,31.99577,6737.1818,253.48189,-5.0540868,6.0906948,-5.805275925,23290.43425,1.130452351
Irregular froth str.,31.99967,6600.361,269.46682,-5.0895837,6.026522025,-5.75861615,25170.3365,0.757757979
Irregular froth str.,31.99967,6600.361,269.46682,-5.0895837,6.026522025,-5.75861615,25170.3365,0.757757979
Irregular froth str.,32.004643,6766.5957,287.38729,-5.1338164,7.543455575,-7.054508,22775.61825,1.11970362
Irregular froth str.,32.016078,6396.2788,260.7094,-5.0253418,4.80649875,-4.655264125,30219.43925,1.128341133
Irregular froth str.,32.017582,6739.6047,237.71102,-4.9964336,6.08489385,-5.792189475,22203.56125,1.050031888
Irregular froth str.,32.018904,6828.521,277.88226,-5.1279916,7.1665179,-6.73542085,22236.3705,1.241356092
Irregular froth str.,32.023795,6491.4729,264.18745,-5.044299,5.380237725,-5.1721905,27904.634,1.103950488
Irregular froth str.,32.027662,6521.3996,276.41579,-5.0881438,5.39915055,-5.195229425,26940.152,1.064838629
Irregular froth str.,32.029248,6530.0267,272.36,-5.0844547,5.689118975,-5.44954045,25846.0995,1.126369544
Irregular froth str.,32.029761,6480.0751,286.62745,-5.0933983,6.655356825,-6.3036238,25703.93725,1.060448891
Irregular froth str.,32.041064,6448.1211,263.71338,-5.0459527,5.39694795,-5.2007316,26802.11975,1.108027204
Irregular froth str.,32.041956,6641.8434,243.06567,-5.0182397,5.7556876,-5.4956473,24847.5825,1.150185772
Irregular froth str.,32.042485,6760.0516,277.6708,-5.151204,5.164197625,-4.968167175,32495.61725,1.04879088
Irregular froth str.,32.047459,6754.3027,264.54483,-5.10187,7.0534437,-6.668404425,22327.5185,0.941357513
Irregular froth str.,32.050152,6699.3365,260.75934,-5.0637219,6.1591738,-5.8611365,24055.82025,1.126406683
Irregular froth str.,32.077715,6257.4287,255.2735,-4.9616056,6.42678115,-6.083679425,30029.1585,1.060067665
Irregular froth str.,32.0872,6823.4718,263.23161,-5.0808778,7.047856925,-6.6458411,20747.00075,1.045107486
Irregular froth str.,32.08796,6370.7715,269.31274,-5.0327209,5.0062989,-4.820895575,33460.90825,1.103192915
Irregular froth str.,32.093331,6717.0618,248.52888,-5.0292834,6.986943775,-6.575408275,21764.8545,0.991763097
Irregular froth str.,32.105344,6555.2524,295.76995,-5.1179221,7.2339631,-6.7936636,24435.589,0.976134062
Irregular froth str.,32.122199,6440.6171,286.69033,-5.1006281,6.07056195,-5.789476425,27360.31275,0.957933635
Irregular froth str.,32.122298,6532.4415,276.93808,-5.0847107,6.40460055,-6.062701975,26192.2835,1.064960671
Irregular froth str.,32.127289,6319.3719,271.11651,-5.0375371,4.9205555,-4.758058425,29784.729,1.028256679
Irregular froth str.,32.134229,6601.5149,259.14205,-5.05523,6.2193349,-5.92006365,24181.1295,0.815794318
Irregular froth str.,32.134229,6601.5149,259.14205,-5.05523,6.2193349,-5.92006365,24181.1295,0.815794318
Irregular froth str.,32.136757,6308.9032,294.79576,-5.0797963,5.374753375,-5.148536075,34416.8255,1.061680354
Irregular froth str.,32.141797,6262.2833,275.52036,-5.0155756,5.02538865,-4.824991575,36293.94025,1.073235459
Irregular froth str.,32.144292,6536.4109,271.39654,-5.0818652,5.937597025,-5.665124375,26371.701,1.078911953
Irregular froth str.,32.145234,6452.468,263.65531,-5.0472134,5.1824306,-4.9987704,27865.34875,1.077968721
Irregular froth str.,32.145763,6754.8711,259.88211,-5.0781407,7.325131425,-6.8674775,22292.477,1.006144444
Irregular froth str.,32.155744,6267.2508,280.91453,-5.0317388,5.2908773,-5.085380375,30419.5445,1.028304009
Irregular froth str.,32.167493,6340.8671,273.01337,-5.0526131,5.2156439,-5.0295887,29472.163,1.09365581
Irregular froth str.,32.167724,6295.4114,264.89836,-4.9996767,4.568566775,-4.413960775,36390.0275,1.121322798
Irregular froth str.,32.178713,6313.5569,266.09568,-5.0079663,5.091277425,-4.913831275,32064.3875,1.122141488
Irregular froth str.,32.181307,6357.1405,267.30184,-5.0354136,5.268962125,-5.074624625,28483.051,1.041621995
Irregular froth str.,32.186513,6456.939,271.4743,-5.0633988,5.727085525,-5.4883978,26861.60275,1.02619424
Irregular froth str.,32.201616,6697.3893,270.75592,-5.0956131,6.7679561,-6.373890075,24693.09225,1.022869015
Irregular froth str.,32.204921,6454.6742,265.94912,-5.0213868,5.8789889,-5.60221005,27815.9635,1.041430773
Irregular froth str.,32.208606,6169.9983,263.94611,-4.9793367,4.6127499,-4.475204275,31317.82125,1.030132064
Irregular froth str.,32.20935,6682.8889,306.59201,-5.1768612,8.809650325,-8.119156625,22183.2785,1.021994841
Irregular froth str.,32.213183,6461.0414,279.27353,-5.0748176,5.926948525,-5.63258075,28966.6085,1.15000513
Irregular froth str.,32.217347,6191.7825,285.80481,-5.0299533,4.732913825,-4.5690694,36557.23975,1.086290177
Irregular froth str.,32.218471,6611.9785,280.94468,-5.1096023,7.576063525,-7.09435415,23316.599,0.960239448
Irregular froth str.,32.221991,6255.8673,279.14396,-5.0163017,5.294230075,-5.07301035,34173.7995,1.118187095
Irregular froth str.,32.22204,6709.5398,255.80734,-5.0603345,7.11334635,-6.62945805,22229.3685,1.035484641
Irregular froth str.,32.224949,6414.0381,317.78216,-5.1651604,6.9026742,-6.499098075,27432.6715,1.050266935
Irregular froth str.,32.226304,6114.2111,272.56831,-4.9781344,4.625107375,-4.4864155,32873.97525,1.020841272
Irregular froth str.,32.229311,6287.4194,269.22705,-4.991774,5.19634925,-4.98326525,34468.44975,1.171834582
Irregular froth str.,32.229361,6116.7096,283.06768,-5.0012046,4.5480812,-4.4122098,34858.28975,1.049239706
Irregular froth str.,32.23526,6265.7147,298.65136,-5.0874514,5.812704325,-5.568082475,29398.39275,1.08436594
Irregular froth str.,32.236665,6184.8509,271.02672,-4.9919642,4.160134125,-4.0452813,39339.72625,1.064697285
Irregular froth str.,32.24068,6408.2934,269.66601,-5.0393673,5.65342255,-5.429115925,26547.29175,1.000953712
Irregular froth str.,32.241853,6509.8299,277.03926,-5.0882706,6.245574925,-5.92636515,26605.25925,1.023520951
Irregular froth str.,32.24458,6296.3609,281.58206,-5.0250066,5.81618865,-5.53822195,29560.4065,1.115394964
Irregular froth str.,32.245918,6372.1388,287.93119,-5.0881065,5.80627005,-5.55081835,28697.60525,1.010748908
Irregular froth str.,32.24615,6215.2091,291.80701,-5.040787,5.6013663,-5.3543578,33860.68,1.062777387
Irregular froth str.,32.249488,6215.7515,270.18793,-4.9901089,4.7616707,-4.6095732,32274.13525,1.044209929
Irregular froth str.,32.251438,6585.7405,256.60807,-5.04681,6.16034145,-5.866908475,24483.03775,1.242306631
Irregular froth str.,32.252495,6192.5318,271.11156,-4.9964343,4.795601125,-4.63557095,31307.3,1.075885933
Irregular froth str.,32.252908,6603.321,294.39104,-5.1543642,7.1876182,-6.7745691,22786.347,1.25454939
Irregular froth str.,32.253189,6241.9367,277.3511,-5.0131608,5.06490005,-4.8628306,35416.67075,1.059567597
Irregular froth str.,32.253768,6677.6373,278.87022,-5.0948251,8.222277975,-7.6305164,20158.70575,1.079527298
Irregular froth str.,32.254362,6229.3973,262.50137,-4.9601837,4.739972075,-4.574146525,35258.2205,1.052174292
Irregular froth str.,32.254643,6206.0546,273.3552,-4.9784719,4.88580555,-4.698964,35592.9255,1.078048975
Irregular froth str.,32.257552,6498.5563,268.19355,-5.0628921,5.946496975,-5.684186825,25866.62925,1.085959871
Irregular froth str.,32.261303,6260.2636,278.8488,-5.0311061,5.61716965,-5.3755185,30775.692,1.033764877
Irregular froth str.,32.262707,6218.5716,279.19497,-5.0178913,4.79325535,-4.61859795,36367.6325,1.076668017
Irregular froth str.,32.272936,6200.9408,294.49281,-5.0675914,5.4115185,-5.20296665,30409.825,1.032581212
Irregular froth str.,32.272969,6579.7155,298.97969,-5.1318353,7.156113875,-6.702093875,25581.002,0.983106852
Irregular froth str.,32.274473,6510.979,286.23073,-5.1027958,6.639418425,-6.27761455,25260.01675,0.999218249
Irregular froth str.,32.276059,6242.8667,268.79367,-4.9953668,4.780768675,-4.6101425,35031.723,1.080554721
Irregular froth str.,32.28252,6229.6818,268.74372,-5.0044837,4.88305,-4.720109225,31450.45875,1.041396744
Irregular froth str.,32.284503,6356.0784,257.79876,-4.9808834,5.520888375,-5.290445525,29021.2925,0.952089142
Irregular froth str.,32.28723,6426.6339,282.16149,-5.0768991,6.247056875,-5.9473312,26574.1915,0.986078178
Irregular froth str.,32.292468,6195.0144,291.44834,-5.0464377,4.8457412,-4.685661,33334.8855,0.992149961
Irregular froth str.,32.29336,6186.1042,287.91653,-5.0267287,4.94534035,-4.772357875,35063.763,1.090406572
Irregular froth str.,32.30116,6161.856,261.281,-4.9495324,5.145133475,-4.9502614,31502.966,1.021681235
Irregular froth str.,32.301491,6463.318,268.60189,-5.0403772,6.151034025,-5.84975565,26416.73825,1.113439001
Irregular froth str.,32.303325,6474.2024,291.91751,-5.094437,7.31206965,-6.8511721,25020.69825,1.040706966
Irregular froth str.,32.303341,6305.5639,284.72473,-5.0471729,5.47687755,-5.234893475,33374.3715,1.120045446
Irregular froth str.,32.306944,6485.6766,290.16283,-5.0963938,6.65012515,-6.276347975,26109.887,1.04510779
Irregular froth str.,32.309654,6248.0364,277.90138,-5.021513,5.016085925,-4.829290425,34400.00075,1.080633976
Irregular froth str.,32.310249,6353.798,263.99608,-5.0154645,5.95667865,-5.690166675,26379.5825,0.973547176
Irregular froth str.,32.319601,6186.7574,272.82264,-4.997183,4.70841535,-4.562023925,32567.55725,1.081237733
Irregular froth str.,32.322229,6473.8519,274.61295,-5.0484043,6.772973575,-6.37183475,25311.3995,0.828833668
Irregular froth str.,32.322229,6473.8519,274.61295,-5.0484043,6.772973575,-6.37183475,25311.3995,0.828833668
Irregular froth str.,32.322758,6158.802,274.14077,-5.0027948,5.0280057,-4.84737145,33318.23775,0.990199689
Irregular froth str.,32.323187,6208.364,268.92235,-4.9868405,4.545035775,-4.417192675,32377.49875,1.019298796
Irregular froth str.,32.324889,6289.4055,278.74779,-5.0226635,5.892053,-5.6049216,29845.666,1.073945696
Irregular froth str.,32.325451,6207.6243,283.44492,-5.0199986,4.79267445,-4.620466925,37003.1505,1.059362572
Irregular froth str.,32.327335,6137.0587,276.15928,-4.9916501,4.9554219,-4.78814365,30014.52375,1.031132983
Irregular froth str.,32.329896,6513.8815,305.47515,-5.1377634,7.696652325,-7.17934915,25090.57875,1.042375392
Irregular froth str.,32.334127,6576.5903,280.42339,-5.1021618,7.1640592,-6.743114325,22524.8985,1.104608026
Irregular froth str.,32.3411,6166.0755,279.12745,-5.0039791,4.569928875,-4.419889425,37598.88525,1.080135222
Irregular froth str.,32.342025,6117.4124,255.42837,-4.9244886,4.4546684,-4.32173875,33671.811,1.002540777
Irregular froth str.,32.348123,6188.3613,266.18248,-4.9730248,4.46556485,-4.32083245,37719.063,1.053253053
Irregular froth str.,32.348685,6576.6646,283.68859,-5.097818,7.270470975,-6.786071725,26176.20575,1.064458363
Irregular froth str.,32.348734,6170.1487,274.324,-4.9954745,4.894589075,-4.728205375,32439.328,0.995048965
Irregular froth str.,32.349891,6274.6155,284.99004,-5.046455,5.235458975,-5.01444305,34548.93575,1.109358869
Irregular froth str.,32.350436,6298.1973,283.85384,-5.0506854,5.0648558,-4.8693796,34528.186,1.088049361
Irregular froth str.,32.352634,6119.7452,281.659,-5.0011759,4.661666475,-4.517981625,32983.0045,1.050429861
Irregular froth str.,32.356583,6219.0268,278.99627,-5.0133847,5.060909325,-4.862654625,35506.76275,1.079897833
Irregular froth str.,32.358765,6156.936,271.47663,-4.9879195,5.223018825,-5.018715775,32951.47125,1.050642139
Irregular froth str.,32.363772,6121.3809,276.98729,-4.9945326,5.152294175,-4.9589825,33126.98925,1.047405099
Irregular froth str.,32.364168,6152.3937,293.46123,-5.0390305,4.519437225,-4.38634485,34593.464,1.007644535
Irregular froth str.,32.365986,6224.3847,270.47698,-4.9890666,4.748839425,-4.582063975,36180.1035,1.060334317
Irregular froth str.,32.366977,6656.2937,277.09521,-5.0909161,8.608030625,-7.9456091,21900.76575,1.07185952
Irregular froth str.,32.368779,6172.1214,263.24941,-4.9482326,4.7051592,-4.535675025,36978.56525,1.042153435
Irregular froth str.,32.36934,6152.8241,290.298,-5.0178465,5.10010285,-4.89300605,37946.31775,1.086907184
Irregular froth str.,32.370282,6153.3458,262.21796,-4.9571356,4.299312125,-4.18753105,33150.42425,1.003512305
Irregular froth str.,32.370679,6141.9236,276.76778,-4.9906727,5.1261473,-4.933637275,32469.66175,1.026859399
Irregular froth str.,32.372116,6151.9877,276.59472,-4.9942164,4.7206611,-4.56991995,34024.43375,1.029987681
Irregular froth str.,32.381205,6220.3206,266.59632,-4.9901213,4.5747182,-4.4377235,34378.3995,1.024280396
Irregular froth str.,32.383585,6210.9377,285.18051,-5.0272837,5.00051305,-4.81097155,35384.92425,1.072546329
Irregular froth str.,32.385634,6274.6134,280.10032,-5.0233895,5.4627261,-5.223373625,33867.25275,1.085768281
Irregular froth str.,32.385914,6189.4109,251.38081,-4.9457895,4.8986578,-4.73352965,31156.776,0.994636626
Irregular froth str.,32.387336,6187.1966,278.56759,-5.0278213,4.925954875,-4.7575177,32932.595,1.052038644
Irregular froth str.,32.387666,6452.6386,294.10463,-5.1008608,6.65503205,-6.289795875,26208.42275,0.919435506
Irregular froth str.,32.388178,6130.9898,279.21505,-4.9932485,4.98867595,-4.8133817,31864.40975,0.992782682
Irregular froth str.,32.388905,6162.9904,283.60488,-5.0071163,4.845689975,-4.668921075,36716.41875,1.068927508
Irregular froth str.,32.389137,6168.666,272.93823,-4.9911099,4.937984075,-4.7630498,33182.61825,1.036342744
Irregular froth str.,32.39454,6134.6822,279.06066,-4.9909235,4.956691975,-4.7840913,33007.52325,1.057660566
Irregular froth str.,32.394739,6214.7175,273.81217,-4.9956136,4.946141275,-4.763046825,35564.39925,1.084366926
Irregular froth str.,32.39654,6121.3213,289.00021,-5.0274238,5.2781275,-5.076325175,29964.0795,1.036799616
Irregular froth str.,32.399993,6141.1357,268.6246,-4.9819904,4.4849259,-4.360674975,32564.57625,1.004892482
Irregular froth str.,32.401249,6092.4263,275.0774,-4.9727737,4.989512975,-4.82092515,32203.982,1.029223155
Irregular froth str.,32.402323,6174.1602,280.61566,-5.0125818,4.95281535,-4.77824165,31676.46025,1.073445063
Irregular froth str.,32.405727,6224.4945,286.93023,-5.016106,5.248108625,-5.0314872,35912.22725,1.126913983
Irregular froth str.,32.406405,6349.2309,294.52994,-5.0814252,6.658294,-6.2742581,28152.61125,1.067274361
Irregular froth str.,32.408487,6124.6908,273.52695,-4.9706716,4.940601075,-4.76747185,32490.196,1.079120366
Irregular froth str.,32.408636,6168.4504,269.7826,-4.9569302,4.6231423,-4.46444335,37172.425,1.088458049
Irregular froth str.,32.411428,6157.8974,276.88651,-4.9828465,4.709700575,-4.544648425,38141.03425,1.081121946
Irregular froth str.,32.416055,6176.6674,277.41059,-4.9987381,4.8204628,-4.646912375,36103.0675,1.064341455
Irregular froth str.,32.418352,6654.7022,306.75777,-5.1529915,9.631136325,-8.720439625,23834.3715,1.111370782
Irregular froth str.,32.4186,6562.5957,269.35463,-5.0743047,7.5003563,-7.0249111,23628.03925,0.932185007
Irregular froth str.,32.419178,6575.0841,280.04559,-5.0914273,7.5241679,-7.0474074,23538.6845,1.182826153
Irregular froth str.,32.420401,6173.8678,269.47277,-4.9769099,4.736798575,-4.57971905,33994.59,0.925645789
Irregular froth str.,32.420401,6173.8678,269.47277,-4.9769099,4.736798575,-4.57971905,33994.59,0.925645789
Irregular froth str.,32.420451,6215.2334,294.8464,-5.0572254,5.449878525,-5.2128868,35038.966,1.074208956
Irregular froth str.,32.424995,6449.2888,289.00283,-5.0883454,7.069510175,-6.6376415,26058.223,1.147102657
Irregular froth str.,32.434364,6163.7336,273.355,-4.9894725,4.932727875,-4.757387425,32112.84975,1.086810636
Irregular froth str.,32.440611,6192.1091,248.39656,-4.9358661,4.66641385,-4.519596775,33279.62075,0.990822466
Irregular froth str.,32.442709,6482.9644,268.21964,-5.033844,6.8930979,-6.4916077,25084.44325,0.950493457
Irregular froth str.,32.443998,6169.3198,300.65462,-5.0430307,5.4184906,-5.182414275,36192.55925,1.047590798
Irregular froth str.,32.444197,6170.8168,301.41128,-5.0491205,5.266465,-5.052948725,35450.9305,1.041293843
Irregular froth str.,32.445072,6184.9121,291.03526,-5.0420452,5.78365985,-5.495641925,30415.445,1.113229272
Irregular froth str.,32.446196,6102.424,286.11762,-5.0028717,4.82800765,-4.663892875,34321.3115,1.008383614
Irregular froth str.,32.447303,6092.1416,287.2791,-5.0066033,5.1190122,-4.92921895,31914.34675,1.031792554
Irregular froth str.,32.449848,6124.1213,301.16316,-5.0439019,5.16147815,-4.9721354,32579.99425,0.972937773
Irregular froth str.,32.451038,6207.7043,254.25175,-4.9583288,5.28642675,-5.073830875,31761.5195,1.039258727
Irregular froth str.,32.453037,6161.6001,272.59976,-4.9875985,4.9285614,-4.764537275,31945.38975,1.023575497
Irregular froth str.,32.453417,6358.6552,309.93783,-5.1261379,7.452421125,-6.9902022,25715.8145,1.068085384
Irregular froth str.,32.45773,6265.3369,271.87124,-5.0131333,5.374084,-5.1537318,31903.505,1.079222092
Irregular froth str.,32.458127,6663.9753,267.99651,-5.0748134,7.634896325,-7.11595,22300.68175,1.151814304
Irregular froth str.,32.461101,6177.9263,293.51044,-5.0330156,5.369014075,-5.130439675,36233.576,1.077267189
Irregular froth str.,32.465992,6144.3726,284.26175,-5.014079,5.149394275,-4.95844145,32519.418,1.039942923
Irregular froth str.,32.471925,6190.3277,266.38256,-4.9763841,4.777933925,-4.62351875,32106.192,1.04593993
Irregular froth str.,32.472371,6140.3185,280.99134,-5.0040431,5.46334315,-5.25201425,29599.93975,1.03804098
Irregular froth str.,32.47865,6140.1228,283.22614,-4.9994594,5.0914078,-4.90217985,32021.79125,1.050960027
Irregular froth str.,32.48721,6106.0032,288.85541,-5.0097328,5.42133465,-5.211913825,30654.47225,1.059676089
Irregular froth str.,32.488201,6241.8714,287.34022,-5.0439848,6.384726175,-6.017559475,29349.63075,1.07952986
Irregular froth str.,32.491622,6194.6132,289.64755,-5.0384256,4.89456115,-4.7142155,36595.433,1.050460921
Irregular froth str.,32.491655,6177.5584,263.07515,-4.9599237,4.352917875,-4.2378499,33993.1745,0.991135732
Irregular froth str.,32.49724,6131.363,271.9375,-4.9694902,5.094694225,-4.901199,34440.27375,1.043131222
Irregular froth str.,32.500744,6148.3883,297.3469,-5.0478212,4.8056117,-4.6553167,32034.5535,1.033427085
Irregular froth str.,32.502181,6149.9706,283.33902,-5.0117391,5.22958465,-5.0290756,31552.94825,1.035291881
Irregular froth str.,32.502627,6149.8904,283.67908,-5.0012303,4.6668318,-4.52248485,31500.048,1.044155784
Irregular froth str.,32.503421,6345.003,290.20989,-5.0577929,7.145775,-6.6830893,27337.08,1.113538663
Irregular froth str.,32.506742,6166.3968,291.88745,-5.0227343,5.025195425,-4.843764725,32105.04,0.994053709
Irregular froth str.,32.506973,6164.7105,257.26031,-4.9482342,4.6089571,-4.468539475,31876.341,1.021658675
Irregular froth str.,32.509089,6128.4393,271.49154,-4.9579089,5.509260825,-5.26845885,32252.92975,1.042355856
Irregular froth str.,32.510262,6238.3472,295.76467,-5.049818,4.95689455,-4.7833447,33050.641,1.025968146
Irregular froth str.,32.511154,6108.6177,283.76315,-5.0069822,4.749021025,-4.594865525,33231.59525,1.004102051
Irregular froth str.,32.515533,6171.3671,279.05967,-5.0048885,4.7525845,-4.599556925,32560.80725,0.993709639
Irregular froth str.,32.516987,6156.8356,263.73351,-4.9484698,5.446727175,-5.2300955,29854.30425,1.067905379
Irregular froth str.,32.518937,6161.5631,294.79946,-5.0289802,5.379599775,-5.147862975,35939.00475,1.065704005
Irregular froth str.,32.526109,6166.4831,272.86209,-5.0001834,5.336529575,-5.1438991,29040.56075,1.061471444
Irregular froth str.,32.528257,6122.3785,269.64619,-4.9655972,5.1780464,-4.9805184,30991.04425,1.05407805
Irregular froth str.,32.534867,6415.9098,308.58699,-5.1188905,8.24874265,-7.631499875,25732.9755,1.07735051
Irregular froth str.,32.537907,6091.3746,286.91186,-4.9963152,5.095985275,-4.90887835,33324.543,0.990603267
Irregular froth str.,32.540452,6148.2696,275.6517,-4.9711371,4.81752445,-4.640500675,36412.23775,1.050444314
Irregular froth str.,32.559174,6086.6873,277.82401,-4.9757157,5.25661045,-5.051472275,32225.58025,1.030075938
Irregular froth str.,32.567172,6115.508,300.78176,-5.0376838,4.731774075,-4.579500925,32435.3805,1.003633803
Irregular froth str.,32.581499,6100.562,260.95405,-4.913649,5.020268725,-4.834926275,32839.327,1.004957904
Irregular froth str.,32.59181,6229.6779,271.91206,-4.9985837,5.0025049,-4.82478515,32500.073,1.046226636
Irregular froth str.,32.592686,6230.5998,273.28077,-4.9960512,5.590955275,-5.35023395,31022.4415,1.068237662
Irregular froth str.,32.598718,6162.1295,280.23129,-4.9879249,5.605156775,-5.365477375,31299.31825,1.017646821
Irregular froth str.,32.599759,6345.2441,276.39889,-5.0390671,6.352554775,-6.022042475,29661.80025,1.226276197
Irregular froth str.,32.600403,6290.068,305.27776,-5.0857611,7.2420854,-6.787506325,26844.7275,1.015999063
Irregular froth str.,32.606848,6148.5957,277.93124,-4.9919784,5.916026425,-5.62392895,31709.55475,1.012321874
Irregular froth str.,32.622596,6129.1576,274.73329,-4.9576239,5.060101375,-4.87726755,33068.035,1.016390529
Irregular froth str.,32.633535,6101.5369,279.6488,-4.9900636,4.9325463,-4.762346825,33413.794,1.03895793
Irregular froth str.,32.65505,6223.6225,307.30375,-5.0717755,5.999761625,-5.67053865,35399.079,1.057316828
Irregular froth str.,32.820477,6810.9211,263.91151,-5.0875839,10.4827888,-9.3498746,20335.687,1.17552191
Depleted froth,32.413544,6133.1212,299.02774,-5.0357608,3.93167255,-3.835680475,18684.22398,1.000127376
Depleted froth,32.433984,6090.9229,279.43207,-4.9926372,8.26831095,-7.654509375,16061.04717,0.994979651
Depleted froth,32.691487,6101.1986,334.02821,-5.080598,7.79147495,-7.2669892,15829.59828,1.007819122
Depleted froth,32.709085,6100.6306,347.85645,-5.1062225,10.92893525,-9.8589838,12876.45275,1.034708159
Depleted froth,32.769466,6102.2782,349.12184,-5.1086601,4.95766405,-4.786982975,16581.45179,0.991793598
Depleted froth,32.799855,6107.8825,368.30868,-5.1507924,9.89264555,-9.00848705,14594.14723,0.995798595
Depleted froth,32.807109,6097.2793,361.79549,-5.1460628,8.10469385,-7.50097675,16437.05922,0.975818623
Depleted froth,32.840108,6177.5975,383.81952,-5.2133495,9.87952015,-8.990867525,14240.51758,0.994898689
Depleted froth,32.859921,6086.1102,372.96708,-5.1365265,5.9373153,-5.65290295,17589.58389,1.011650089
Depleted froth,32.886493,6125.8649,354.68608,-5.1268313,8.377211625,-7.7542946,15307.83188,0.99174941
Depleted froth,32.898738,6152.6646,375.36187,-5.1821148,9.6443657,-8.76973795,14986.30223,1.015683767
Depleted froth,32.90852,6110.917,377.8274,-5.1676913,11.54241525,-10.27561218,13719.81246,1.036431378
Depleted froth,32.909759,6190.5564,386.95198,-5.2107751,7.275235825,-6.797756925,17098.89527,1.004874156
Depleted froth,32.926631,6106.573,378.21193,-5.1622149,7.01199635,-6.572705,17269.52442,0.990517496
Depleted froth,32.927523,6110.9544,374.20079,-5.1557206,7.05381505,-6.60824645,17258.31228,0.980898173
Depleted froth,32.935719,6271.4795,428.09654,-5.3279241,17.61429125,-14.943846,11774.91236,0.977663023
Depleted froth,32.946295,6147.4573,404.69499,-5.2195673,10.91816925,-9.768297475,14297.15646,0.991889831
Depleted froth,32.950641,6077.2718,386.24853,-5.1626497,8.23479845,-7.610094,18299.92195,0.983668922
Depleted froth,32.970851,6076.7608,399.43065,-5.1864983,8.715647275,-8.018810325,17551.192,0.985055084
Depleted froth,32.983343,6186.2428,388.0076,-5.2041989,12.90594475,-11.3792955,13079.94724,1.033958278
Depleted froth,32.986185,6226.5241,425.75215,-5.2967956,12.56481375,-11.15401275,12669.96169,1.052598028
Depleted froth,32.996447,6154.9645,405.10523,-5.2406123,9.66324225,-8.8331256,14075.29084,1.010569523
Depleted froth,33.021498,6108.7266,425.14233,-5.2278809,9.62546555,-8.7458489,17672.12434,1.003833511
Depleted froth,33.025828,6198.1561,397.04728,-5.2529731,12.1519225,-10.79338775,13566.002,1.029402858
Depleted froth,33.026654,6065.2993,418.43808,-5.2116528,9.571821375,-8.74811255,16876.96021,0.974088169
Depleted froth,33.028852,6075.4486,395.43648,-5.1452925,10.14707633,-9.193846725,15521.39059,1.007788265
Depleted froth,33.041163,6200.8805,426.51011,-5.2821073,12.038117,-10.605894,13033.5346,0.97909581
Depleted froth,33.076839,6183.9491,410.03202,-5.2577651,10.37586718,-9.308110125,14497.30101,1.018236111
Depleted froth,33.09381,6125.7405,429.96112,-5.2670881,8.241346825,-7.573700375,18514.04608,0.994357852
Depleted froth,33.100354,6068.0314,422.4474,-5.2404856,9.539276375,-8.7312626,16229.75276,0.981230933
Depleted froth,33.11083,6091.1566,433.70674,-5.2352503,10.07123598,-9.10158225,17627.63504,0.992976915
Depleted froth,33.111376,6156.8392,429.7309,-5.2583937,11.71833275,-10.40458625,15583.14943,0.973632138
Depleted froth,33.118465,6130.9095,418.3394,-5.2449535,11.155135,-9.970972525,15127.80575,0.964581974
Depleted froth,33.136724,6118.6431,423.63025,-5.2251191,11.124973,-9.931146025,15329.75344,0.980809122
Depleted froth,33.137038,6073.2723,423.37744,-5.2438286,10.46634625,-9.482480525,15675.36384,1.021751809
Depleted froth,33.14307,6088.6048,422.14538,-5.2118216,10.15084668,-9.1632107,17460.76513,0.994280031
Depleted froth,33.14307,6115.9854,400.37907,-5.2114871,10.22947945,-9.24763355,16667.81669,1.002265519
Depleted froth,33.144805,6103.5644,402.8567,-5.2078314,9.877661925,-8.9633939,15918.83306,0.991014342
Depleted froth,33.150373,6171.3837,440.19061,-5.2866499,13.5255615,-11.798054,14509.10159,1.021615777
Depleted froth,33.151415,6143.072,429.63504,-5.2395976,11.834805,-10.48198375,15438.48448,0.978284035
Depleted froth,33.155133,6144.4975,385.68357,-5.1811646,12.3968615,-10.96193975,15007.34778,1.013585111
Depleted froth,33.15733,6107.6182,417.68749,-5.2493227,10.45044975,-9.46867385,15385.32229,0.995993217
Depleted froth,33.163461,6154.4602,417.63686,-5.2219661,11.024985,-9.8323595,16117.42652,0.988209181
Depleted froth,33.178515,6171.5822,431.13514,-5.2944614,15.4725705,-13.41305275,12177.03021,0.981572608
Depleted froth,33.179655,6153.8908,406.72371,-5.2097091,10.752203,-9.6263626,16154.03193,1.002068011
Depleted froth,33.180514,6245.2743,399.3184,-5.2420269,9.6962252,-8.8212974,14526.16492,1.02735077
Depleted froth,33.182299,6080.9158,384.82408,-5.1672334,10.0424897,-9.129596025,15974.7635,1.001073911
Depleted froth,33.185257,6179.7954,409.37514,-5.2597877,12.24002125,-10.89623175,13918.08284,1.005225359
Depleted froth,33.191718,6174.4463,368.85789,-5.1617281,11.31301875,-10.0824933,13081.16102,1.011441925
Depleted froth,33.195172,6078.9661,405.80594,-5.2070252,10.760572,-9.69544425,15162.07149,1.005200881
Depleted froth,33.195436,6142.1928,421.63197,-5.2346378,12.1339015,-10.726693,15214.56811,1.000441924
Depleted froth,33.199749,6245.8581,421.84816,-5.3020793,13.86149,-12.16484825,12773.92386,0.996599262
Depleted froth,33.203764,6128.1597,422.70922,-5.2358559,11.0632765,-9.94147085,15517.96772,0.99778207
Depleted froth,33.220652,6103.8703,418.95375,-5.2310262,10.9545465,-9.834558225,16110.41529,1.002027641
Depleted froth,33.224387,6126.709,389.49795,-5.18431,10.1918063,-9.237823975,15153.38373,0.977228162
Depleted froth,33.242448,6078.3251,461.08746,-5.2767584,11.304376,-10.09389725,17110.91631,0.974889474
Depleted froth,33.246662,6211.7204,455.73395,-5.3117248,15.74410225,-13.671069,11747.56137,0.998002518
Depleted froth,33.25347,6139.0074,404.38482,-5.2094225,11.05410875,-9.89867815,15484.05549,1.013581622
Depleted froth,33.254362,6126.1327,418.70852,-5.213553,12.33284375,-10.902566,15255.70886,0.988341901
Depleted froth,33.270292,6157.3187,428.36448,-5.2918957,12.62902875,-11.19915825,13531.6849,0.989336513
Depleted froth,33.273167,6124.3902,423.48658,-5.2466693,11.956701,-10.58253775,15544.98605,0.980984
Depleted froth,33.277216,6147.4154,433.34877,-5.28188,13.05926475,-11.4933225,13520.91723,0.993945779
Depleted froth,33.284602,6161.2509,428.25235,-5.2392203,12.405999,-10.93414675,15201.44165,0.988574787
Depleted froth,33.284619,6119.5262,442.26105,-5.293425,12.60665725,-11.14000275,14731.10499,0.987043121
Depleted froth,33.284635,6152.8371,428.25459,-5.2664683,8.015442875,-7.4549473,15871.27121,1.003080401
Depleted froth,33.289841,6181.5419,473.89137,-5.3722302,20.41960125,-17.175974,10411.49365,1.0099342
Depleted froth,33.318296,6117.1688,440.67708,-5.2734755,13.14783825,-11.56629475,14968.22517,0.988657944
Depleted froth,33.351114,6196.9375,444.38563,-5.318055,20.5453765,-17.17890375,10436.83155,0.995654253
Depleted froth,33.358153,6168.3051,433.11268,-5.2619095,12.9200135,-11.35696975,14995.59817,1.035125422
Depleted froth,33.362103,6227.8031,463.14345,-5.3405808,14.5202325,-12.65860275,13052.85092,0.982256902
Depleted froth,33.368812,6165.2583,446.95409,-5.2970461,13.45890575,-11.74262375,15320.48425,0.970242493
Depleted froth,33.381172,6202.8807,443.12392,-5.3014231,18.65314075,-15.804791,11119.23419,0.989587699
Depleted froth,33.392227,6195.2625,453.65943,-5.3217727,14.7006415,-12.7584205,13545.92703,0.96621428
Depleted froth,33.393962,6167.3674,449.84211,-5.2876797,13.514351,-11.764774,15015.64646,1.001861466
Depleted froth,33.399564,6134.598,408.3991,-5.2568032,12.64914525,-11.24324925,13119.96231,0.989982209
Depleted froth,33.401976,6129.0016,439.34239,-5.2595972,13.0490995,-11.43142875,15477.89364,0.96807589
Depleted froth,33.412883,6158.4212,443.0587,-5.3045666,14.6294945,-12.7311335,13217.93993,1.003035293
Depleted froth,33.436678,6174.4351,432.02996,-5.2583493,13.72753525,-11.9403185,14352.47073,1.031158974
Depleted froth,33.438016,6134.7923,441.23602,-5.2889749,13.25569,-11.681984,14373.05611,0.980803346
Depleted froth,33.440032,6171.7085,448.165,-5.3019628,14.31154575,-12.41288775,14438.51591,0.984321289
Depleted froth,33.440214,6146.6394,424.39264,-5.2745192,13.34199325,-11.741953,13357.58708,0.995906365
Depleted froth,33.448493,6153.2708,427.78493,-5.2467601,11.05410875,-9.89867815,15484.05549,1.013581622
Depleted froth,33.457168,6138.5118,427.65528,-5.2733719,13.18572175,-11.6271625,13802.0923,0.998424081
Depleted froth,33.49686,6153.8381,462.14398,-5.3183005,14.42901675,-12.5349075,13634.81069,0.966515846
Depleted froth,33.53095,6195.2601,444.48138,-5.2943421,14.720296,-12.6637445,14664.8215,1.010204569
Depleted froth,33.537643,6136.5695,436.94314,-5.2610249,14.06389875,-12.21923125,14758.95497,0.98071186
Depleted froth,33.582226,6106.5573,437.55924,-5.2713734,13.37951875,-11.74079725,14740.57357,0.993709862
Depleted froth,33.583813,6282.1934,429.3028,-5.3464953,11.491509,-10.2321679,15587.62542,1.027365437
Depleted froth,33.633171,6144.8735,492.32365,-5.3587988,17.17283975,-14.5642235,13088.15237,0.984999223
Depleted froth,33.669724,6233.7508,443.4261,-5.3215085,18.7213475,-15.80306975,11857.11795,0.999565093
Depleted froth,33.675441,6251.4753,483.88976,-5.4051682,20.27787375,-17.1154925,9657.350132,0.994864192
Depleted froth,33.707912,6263.6213,507.05516,-5.4560674,17.496954,-14.911518,11676.80491,1.010745932
Depleted froth,33.711035,6214.2762,484.7097,-5.3987653,19.3919475,-16.40729525,10535.29384,0.991915831
Depleted froth,33.774109,6251.6488,476.51383,-5.408002,18.3713715,-15.729397,10074.84761,1.006802202
Depleted froth,33.786668,6217.357,471.34548,-5.3754958,20.102741,-16.657417,12337.73735,0.980512877
Depleted froth,33.801292,6235.007,453.80166,-5.3280022,20.1131195,-16.87102225,11029.50109,0.999444751
Depleted froth,33.876462,6201.9826,503.7539,-5.3995535,11.3833695,-10.1591271,14646.41847,1.009367923
