"c","V1","V2","V3"
2,6.380095,19.50401,2.00629072380252
2,15.4881,21.71908,2.15421079052612
2,3.572731,-3.078149,2.86446912330575
2,26.35669,20.47212,2.87702044565231
2,14.78471,23.34586,2.6081315560732
2,-1.279279,0.9330042,2.69962555309758
2,0.01129247,8.008012,2.36586958728731
2,5.984768,1.961941,2.84312436333857
2,8.858572,17.18472,2.84275943599641
2,19.37649,2.122504,2.62315602297895
2,9.10579,19.51155,2.69821579591371
2,9.643453,6.241649,2.69893094385043
2,-3.109174,18.91863,2.33363212039694
2,10.541,-3.394954,2.09625991689973
2,4.573325,11.78297,2.32316896272823
2,22.98676,10.07359,2.48040177789517
2,-10.77961,14.08271,2.9631101898849
2,5.63292,18.08959,2.52595599903725
2,5.782557,12.32168,2.33690250618383
2,27.1903,10.58244,2.63461948023178
2,8.92082,30.34188,2.3111506390851
2,-1.781047,10.98773,2.63723638351075
2,-0.7274996,-7.879213,2.7065492963884
2,23.33998,16.66643,2.53631446021609
2,16.00585,1.374964,2.61838418571278
2,22.97108,15.7172,2.30087372334674
2,8.993785,-9.014578,2.50255527184345
2,8.249774,-2.679776,2.13131408439949
2,5.368688,12.60516,2.02877537184395
2,25.45515,22.22258,2.65601866017096
2,16.10149,11.38547,2.93855971470475
2,25.9423,5.396589,2.76793404505588
2,13.96851,23.8073,2.91620647581294
2,1.059773,2.482886,2.43373438809067
2,11.19896,27.34923,2.92769845132716
2,10.01848,12.379,2.37938798079267
2,-5.964017,14.30957,2.23937403666787
2,14.69272,13.94027,2.85655601788312
2,5.162226,-3.949188,2.98630425729789
2,16.13654,2.491281,2.76922997226939
2,-8.427487,17.28569,2.34933266695589
2,17.46026,23.52985,2.9073347998783
2,4.839787,2.035094,2.01134673506021
2,24.78075,8.787683,2.45216178498231
2,3.28531,-2.704306,2.81697608809918
2,1.317184,13.35289,2.67298609018326
2,5.000647,13.50562,2.14507850841619
2,-2.902717,2.24029,2.25756513047963
2,12.86082,12.72926,2.05653207842261
2,6.369858,11.56653,2.57727321493439
2,5.91316,24.22981,2.47147426311858
2,-4.098757,-5.008349,2.59936457057483
2,-0.7625945,18.5798,2.21231894264929
2,15.58506,11.27319,2.47231974522583
2,5.403196,11.22043,2.91515158372931
2,-1.124667,31.28172,2.45405300217681
2,6.120589,10.16824,2.27547643636353
2,6.07585,31.16029,2.54814647138119
2,-8.399909,8.830895,2.92588360910304
2,2.199297,12.84548,2.21028821961954
2,8.845364,21.62596,2.50923701794818
2,-14.18104,1.871214,2.17256763088517
2,34.64086,11.64993,2.65158025268465
2,-0.7696695,8.42469,2.0689743172843
2,-6.12447,23.05465,2.01454700925387
2,-14.65142,10.9695,2.24228078848682
2,11.58703,14.49658,2.71100653707981
2,0.8204501,10.62322,2.18300457019359
2,28.5049,10.30336,2.45249414700083
2,-8.36784,4.386019,2.34962051804177
2,32.45148,7.488423,2.19432860892266
2,6.733568,18.12497,2.98877934366465
2,10.64451,16.76856,2.71840763650835
2,3.219324,19.57019,2.04529986577109
2,10.74578,27.00378,2.09360752836801
2,4.207717,2.851358,2.06277247006074
2,13.87413,13.78015,2.10652493918315
2,-10.31962,15.46054,2.15270927827805
2,11.65267,1.74313,2.48684571543708
2,25.78439,2.961885,2.9703974367585
2,12.48763,18.15628,2.18035473139025
2,7.276056,14.08258,2.11335767502896
2,9.188286,18.24487,2.31167836952955
2,7.066136,17.03944,2.8278056490235
2,2.462034,7.644942,2.92094583297148
2,12.10048,15.32802,2.7842939957045
2,-0.531199,13.14534,2.20267077325843
2,10.19152,5.414252,2.67518012272194
2,8.34839,17.09359,2.32080868002959
2,-7.409304,15.4642,2.19129068683833
2,15.99423,13.51288,2.6125888726674
2,-6.608865,-0.9393074,2.68408412556164
2,13.86558,6.094001,2.00005524465814
2,24.64994,6.494246,2.4647967920173
2,20.51858,17.59508,2.02305580140091
2,11.26143,2.013683,2.99630224052817
2,5.034868,7.499159,2.36260425485671
2,1.19408,23.50754,2.92874327860773
2,13.19178,12.76363,2.68961374019273
2,9.728273,11.80716,2.21562983212061
2,13.9332,15.7472,2.51874526124448
2,18.43648,12.18253,2.52033121185377
2,12.60749,32.6225,2.45499016460963
2,6.429051,1.972634,2.32728860084899
2,12.33216,-14.73958,2.03511934750713
2,17.02514,8.819268,2.5510727323126
1,39.89024,23.99687,1.6071558422409
2,20.98933,17.29635,2.74942682357505
2,11.65338,-5.657587,2.39937225892209
2,15.09138,25.02662,2.85336890164763
2,11.22707,-8.075131,2.23469745647162
2,10.76558,-4.988425,2.16095691989176
2,3.910868,18.41193,2.54173539532349
2,9.769555,15.26871,2.47583446605131
2,12.98944,5.868339,2.51701499475166
2,15.62113,6.474136,2.26278210734017
2,10.13399,-2.499796,2.27611009613611
2,1.27228,6.644602,2.21925984928384
2,28.93972,2.331538,2.78519991505891
2,-10.50514,20.75097,2.74394138483331
2,0.2242924,22.1642,2.44162389007397
2,23.20978,11.40963,2.24281433597207
2,17.61025,1.974165,2.97199211199768
2,7.37956,-5.537147,2.28945239097811
2,10.10124,5.680655,2.54301221389323
2,18.15361,9.892188,2.96998013858683
2,21.83601,26.09115,2.80665707751177
2,19.94091,14.92146,2.27097191801295
2,-1.475135,8.28278,2.22244455269538
2,-7.943031,-3.830219,2.12605212489143
2,11.30458,8.819062,2.45754751400091
2,20.7643,6.118451,2.38577390508726
2,12.46828,7.275093,2.24215127434582
2,16.64017,1.672324,2.42103122686967
2,-11.45466,7.741682,2.56433026050217
2,7.891755,-8.190833,2.19192483508959
2,5.29503,24.11116,2.88776128040627
2,6.695052,20.8704,2.4159013251774
2,5.536268,15.65921,2.41548388265073
2,-1.786147,18.38471,2.13510764017701
2,10.10925,19.37812,2.75433186581358
2,12.36446,25.65443,2.08130789920688
2,24.26076,6.211672,2.84405589732341
2,-2.913374,-0.5345634,2.34354094555601
2,19.30486,14.99081,2.89827578980476
2,-7.134083,-5.31856,2.97269341628999
2,6.658128,-0.8207126,2.06101733795367
2,13.56779,3.181591,2.27620204607956
2,9.165157,12.44468,2.62211859296076
2,16.57652,19.44045,2.69143340433948
2,13.04035,25.82305,2.05615200474858
2,12.10189,-7.604383,2.6671822508797
2,3.820956,7.389069,2.9017695337534
2,10.48589,11.97492,2.51494971872307
2,15.89318,17.60414,2.7875081973616
2,4.465372,18.83929,2.57944579678588
2,6.583345,25.99912,2.22183943283744
2,-3.657566,8.821053,2.59751071664505
2,9.940546,-12.20743,2.83949912711978
2,28.13562,-7.671818,2.51849781232886
2,7.351463,3.724133,2.73206318542361
2,25.14936,4.756451,2.27088887640275
2,-6.347524,11.70047,2.86711830692366
2,8.469816,1.854826,2.15141419344582
2,15.9227,21.05449,2.37633308814839
2,13.16243,22.88495,2.62016214616597
2,6.61163,7.602462,2.32608135836199
2,14.55212,-1.466516,2.86794243846089
2,5.984364,2.761451,2.26387532986701
2,-2.990747,18.67975,2.88929990422912
2,10.47763,13.9604,2.87929706042632
2,15.70686,3.711452,2.18626363459043
2,31.10299,3.897385,2.86671596532688
2,-0.2682848,14.07392,2.84994984371588
2,15.77137,3.525233,2.51881663617678
2,-4.961974,27.05419,2.07413616683334
2,10.78593,2.022093,2.85054537444375
2,18.0671,31.1079,2.24149237642996
2,7.007197,16.15708,2.2485796099063
2,5.324583,16.39802,2.8555490586441
2,25.69982,3.056635,2.18166743637994
2,20.72,23.58926,2.03789538168348
2,2.090151,9.11213,2.45831713778898
2,14.57106,-6.990855,2.65761085529812
2,15.51143,-5.554229,2.86312504159287
2,25.34928,25.96264,2.5956724693533
2,-2.523716,6.682418,2.04113150620833
2,-0.2446706,-0.7271909,2.89681909838691
2,-3.787227,2.679385,2.81362540181726
2,4.146919,13.84954,2.85212310473435
2,3.629787,-4.12287,2.86007315688767
2,27.08326,19.22561,2.13221842772327
2,9.194675,18.3967,2.51671120803803
2,12.34312,2.642345,2.46656964835711
2,7.808154,4.437537,2.62878828519024
2,11.60988,7.291999,2.73323373007588
2,5.989497,8.107,2.47115276940167
2,4.259952,9.585877,2.42221490526572
2,16.38846,16.90853,2.73570687766187
2,5.568457,7.260552,2.92088830540888
2,22.8137,7.456842,2.76585948420689
2,14.04878,15.9274,2.72276272741146
2,3.027084,7.60309,2.37353033339605
2,18.73794,0.02478778,2.48467021714896
1,28.05616,31.56779,1.50384501530789
2,-0.3963638,-3.104964,2.73504891153425
2,-1.199626,12.69042,2.09184842789546
2,0.7270734,2.26189,2.58011558745056
2,27.09159,15.82479,2.9058165634051
2,8.936564,4.499611,2.54452998144552
2,18.23345,15.64262,2.49311436386779
2,-0.429218,2.211029,2.89168218360282
2,15.6607,19.98972,2.61263142805547
2,14.23374,15.76271,2.25804458628409
2,5.829822,10.34468,2.45969423209317
2,4.230915,1.735521,2.64707301277667
2,12.19179,15.03855,2.77100442210212
2,5.103175,3.64185,2.33720847824588
2,7.08866,6.2657,2.4409700257238
2,0.01341287,14.39395,2.47324642539024
2,16.07051,12.18371,2.16576846526004
2,31.6029,8.55297,2.91277071810327
2,-14.94727,16.5969,2.67608281504363
2,38.0434,2.138592,2.32414016965777
2,24.30645,7.067761,2.93951313151047
2,29.12768,5.911166,2.83949626469985
2,2.734299,9.551941,2.13323477515951
2,5.490974,15.10988,2.43623318476602
2,25.76946,3.324707,2.27430251264013
2,15.67774,28.04655,2.1276706061326
2,27.45951,4.004603,2.43404798395932
2,6.71577,17.91905,2.06175464112312
2,4.453012,4.265516,2.76870653312653
2,21.77856,12.28597,2.22437871177681
2,12.709,12.25582,2.36818402842619
2,6.460027,2.503197,2.00927324802615
2,-8.207786,27.72911,2.84966946253553
2,9.914433,14.1201,2.10356093780138
2,14.48534,4.178134,2.30206609424204
2,15.60438,1.94312,2.59267364069819
2,-1.809368,9.6628,2.72053200821392
2,16.42695,-3.171427,2.33934805030003
2,6.084253,10.33377,2.2462146866601
2,8.627294,-2.30743,2.80814815894701
2,14.28665,3.929615,2.0770754260011
2,-11.54532,-20.01888,2.062795690028
2,5.575772,10.67374,2.29126179986633
2,-2.537058,10.25853,2.49683169391938
2,20.09051,9.33872,2.28300409112126
2,-8.85235,13.48051,2.75698378845118
2,4.209417,17.80107,2.30132098519243
2,10.57944,13.80524,2.93235041480511
2,1.86462,11.39824,2.307706926018
2,10.84852,18.48534,2.70171348401345
2,-0.7703359,24.88074,2.07923996564932
2,14.36989,10.3415,2.31247432809323
2,1.489437,-4.19631,2.20524373068474
2,26.44959,3.562471,2.1947530573234
2,-4.266789,3.653826,2.07218282995746
2,8.976836,18.40393,2.67289834958501
2,20.77485,13.18247,2.89412964368239
2,27.63714,19.13911,2.78944349917583
2,16.29336,8.550992,2.77975084003992
2,16.87829,14.83276,2.79360729083419
2,16.82551,9.976617,2.49260568618774
2,5.165351,6.9856,2.83413370116614
2,-0.1216837,14.11777,2.6471940826159
2,-8.032165,11.65195,2.54544755769894
2,-0.7711908,9.478467,2.77877347613685
2,7.822278,4.63563,2.66588724893518
2,-2.542693,31.29946,2.7771257001441
2,12.41543,10.05657,2.22297937306575
2,10.44706,6.147121,2.28408451471478
2,10.02766,15.33033,2.74689237051643
2,15.52898,5.241399,2.42736160825007
2,9.747575,11.99029,2.81334939901717
2,19.98159,14.5416,2.34302016161382
2,18.36432,-4.59378,2.61281784530729
2,13.22721,7.873434,2.03589464048855
2,-0.5568769,6.233604,2.51823910954408
2,7.476011,16.64447,2.86432180530392
2,-2.541061,16.41452,2.1708134112414
2,14.30498,11.84888,2.85551196499728
2,3.967357,20.72875,2.55097116623074
2,0.2271643,29.08483,2.37579867895693
2,11.57322,14.5351,2.29563423758373
2,2.318771,19.85869,2.63135629938915
2,1.748142,10.93859,2.39646548079327
2,17.78253,4.558752,2.76608808804303
2,-4.290225,4.425946,2.72660253453068
2,16.53104,4.671925,2.48922718432732
2,7.546088,10.27894,2.12811101716943
2,13.15203,8.540096,2.81668799836189
2,0.5304746,18.33461,2.54644380719401
2,21.35885,27.10033,2.26919680205174
2,-0.527498,17.29681,2.64643856091425
2,12.94586,12.23683,2.9725939729251
2,20.56008,-0.5277433,2.09811270073988
2,0.369141,-4.90859,2.4389487253502
2,10.88581,-2.084885,2.5167085507419
2,1.047853,14.6625,2.54985650652088
2,17.28469,1.17794,2.40223890822381
2,8.224514,18.21265,2.81735303555615
2,18.79663,1.558912,2.37442702963017
2,2.294629,11.46264,2.55393506214023
2,13.16382,15.70806,2.7952010219451
2,11.96874,22.31844,2.7013866615016
2,18.1468,1.836594,2.06277215015143
2,6.30985,10.4237,2.8460187909659
2,12.49809,13.02343,2.42873848392628
2,6.254294,28.35686,2.91025976277888
2,20.57987,19.25847,2.77719817101024
2,-0.675866,6.132365,2.48882690351456
2,-2.52902,29.84877,2.05617310316302
2,2.531129,31.62439,2.64831591700204
2,16.98884,14.57923,2.06417899322696
2,2.599834,20.39453,2.46933274855837
2,6.326382,0.826507,2.49590364983305
2,13.8971,7.50579,2.69930458115414
2,-5.493487,19.43579,2.70448530768044
2,21.96003,24.61082,2.93258709344082
2,7.303667,2.841022,2.79102836549282
2,22.35765,1.493998,2.28007404645905
2,2.104918,5.705926,2.28956685424782
2,26.18462,-9.62667,2.53092351253144
2,20.80766,10.34603,2.61779641499743
2,10.57028,34.39865,2.52751549030654
2,-7.880563,13.95659,2.70691652968526
2,6.534681,16.05914,2.51458132872358
2,6.421189,22.4082,2.62909197271802
2,2.536329,2.955975,2.15373290330172
2,17.02943,29.76824,2.76733232941478
2,-0.4862341,12.23679,2.7702536964789
2,1.188364,8.102704,2.76811974076554
2,-3.906957,5.578883,2.58030323963612
2,5.441873,5.874897,2.74595791497268
2,18.66013,-4.470882,2.27058378746733
2,13.33514,3.557717,2.7089166783262
2,24.12527,18.52547,2.83023974578828
2,12.98691,17.43439,2.43328760401346
2,13.35877,9.173119,2.34956953069195
2,13.41857,-0.07619125,2.11207373742945
2,5.224356,22.71993,2.57287278049625
2,10.34212,16.27103,2.06430178880692
2,-0.3693704,11.25666,2.63349127070978
2,12.91639,31.99353,2.80877296486869
2,0.9090181,24.91849,2.24142916779965
2,-1.409272,9.203924,2.2626672827173
2,-4.365977,16.91661,2.54032747377641
2,10.25595,22.35262,2.14884515991434
2,12.43669,10.23768,2.46948094875552
2,-1.170456,15.72802,2.46962548280135
2,-6.229601,23.02026,2.72625746414997
2,9.663633,25.29418,2.34342066012323
2,9.05127,12.58227,2.974445537664
2,0.8767106,20.08131,2.17214122088626
2,4.492934,16.61764,2.05895594786853
2,15.53079,10.37215,2.53572535258718
2,0.789848,22.08501,2.00197489047423
2,15.88278,10.7026,2.22606894397177
2,15.65385,1.855822,2.61925868899561
2,7.006049,1.034778,2.71539886575192
2,18.06041,-0.4099859,2.02441874076612
2,19.50145,22.84672,2.8523894874379
2,14.34475,-0.5536328,2.98564823856577
2,6.584492,24.95815,2.64266696688719
2,0.721706,16.4536,2.51176846888848
2,8.034842,9.826132,2.88689413084649
2,22.07318,10.31959,2.59409290459007
2,8.20879,16.10261,2.05772293847986
2,-0.6540285,7.41859,2.23264931049198
2,33.90343,3.274898,2.39544769609347
2,15.55832,13.55292,2.48297501099296
2,7.387878,15.86786,2.42739592655562
2,5.051225,16.53437,2.07866443344392
2,5.229687,18.39176,2.79890510742553
2,9.339954,9.981995,2.13561037695035
2,14.02917,2.41937,2.46757661853917
2,3.084545,30.35293,2.48179131746292
2,-9.022234,3.566726,2.11873845476657
2,8.187902,10.07435,2.66859303903766
2,4.389926,10.11696,2.82954265153967
2,17.49107,9.631412,2.21097807516344
2,25.94192,6.535813,2.68206503754482
2,14.06103,2.905847,2.50066041224636
2,4.658055,-5.764765,2.62893735338002
2,19.84404,19.12729,2.64139941218309
2,15.56143,9.62353,2.42757138097659
2,7.178256,14.85566,2.6666372353211
2,22.64227,4.81697,2.79946332285181
2,-7.804288,-1.111585,2.37366222054698
2,-5.118906,7.387376,2.77438646019436
2,6.152764,14.22517,2.83401084365323
2,8.551857,24.93599,2.75581394368783
2,3.134369,-6.632367,2.93535733083263
2,-1.164893,18.86306,2.04100948781706
1,29.06922,31.39812,1.47386183543131
2,7.826419,39.47855,2.20901091326959
3,67.65975,-9.337537,3.78339658421464
3,67.92516,4.484799,3.72598497662693
3,65.09831,-11.52629,3.75208375626244
3,70.69653,-15.15048,3.28504532971419
3,77.50496,-9.722227,3.23204460693523
3,88.75939,-10.3208,3.14585614716634
3,66.10896,-26.77577,3.83759666373953
3,48.80508,-22.4844,3.20062840473838
3,77.87479,-5.751227,3.08420757530257
3,74.65789,-8.919705,3.25626190099865
3,82.11505,-1.623908,3.73194935265929
3,73.36298,-14.60543,3.22365211113356
3,71.40567,-4.340033,3.15143970982172
3,58.62062,-10.19077,3.84208474960178
3,65.29806,2.156136,3.59165407787077
3,72.86081,-11.82809,3.82167539349757
3,71.3769,-9.252214,3.61957404064015
3,84.13732,8.626088,3.02817664225586
3,70.62952,-29.13831,3.26935556950048
3,74.71705,-17.16086,3.85763973696157
3,69.74262,-8.386807,3.29055787133984
3,72.60228,-4.416259,3.46455598436296
3,62.13006,-22.79853,3.23453140235506
3,60.11729,11.88867,3.98014400782995
3,76.74555,-17.36389,3.86041424539872
3,67.41577,-9.266467,3.68079871777445
3,73.11009,-23.10049,3.36017631902359
3,79.32548,-15.70281,3.65523392800242
3,104.3766,4.351511,3.45391821092926
3,66.86716,-19.87777,3.42681316542439
3,89.33103,-12.80378,3.36956922966056
3,35.74094,-24.00127,3.45936634764075
3,76.09913,-18.21636,3.9557662664447
3,69.3201,-5.764337,3.21936351503246
3,64.45351,-9.646416,3.91124514257535
3,81.06175,-21.19148,3.57358919014223
3,58.83277,-3.300213,3.52657549618743
3,59.77071,-6.573427,3.61971099674702
3,69.73292,-22.09676,3.22800593543798
3,66.791,-10.47102,3.11890466953628
3,49.65516,-1.869738,3.54059794801287
3,70.70066,-15.89514,3.49410672322847
3,72.20053,-12.37627,3.45435504359193
3,65.95326,-16.93183,3.62507401383482
3,74.20015,-14.89715,3.5750531272497
3,72.81212,-3.046355,3.62536700768396
3,57.88044,-4.081336,3.57322378992103
3,48.90072,-21.98084,3.55645118118264
3,61.67483,4.149319,3.12120769917965
3,72.80554,-5.543254,3.99365852097981
3,82.24438,-8.71373,3.60931141395122
3,68.85194,-0.9684211,3.75385837140493
3,70.258,-5.573562,3.80975487874821
3,51.29503,3.890627,3.127939036116
3,71.87862,1.95838,3.66208577016369
3,74.26682,0.2268598,3.0316307193134
3,73.88967,-4.138421,3.66370667261072
3,72.43866,-8.70207,3.98154930281453
3,68.84693,-4.473853,3.33106711530127
3,67.4579,-11.51909,3.22778849327005
3,63.23736,-4.332619,3.75931923999451
3,67.04572,-8.749687,3.39453588309698
3,61.14106,-20.12918,3.26709437696263
3,59.06593,-36.59645,3.51140015898272
3,63.0932,-9.511965,3.28210790711455
3,64.19505,-4.122554,3.59971697372384
3,69.14382,-6.864115,3.16783376247622
3,68.2186,-13.96171,3.81780633144081
3,80.78812,-21.61113,3.30978277768008
3,62.15595,-5.59855,3.7020228006877
3,76.2021,-0.3535414,3.09524675644934
3,67.71612,-21.95391,3.00454239337705
3,66.87748,-13.76373,3.34876713715494
3,81.16841,-12.7322,3.9424885448534
3,77.52612,-16.85477,3.95133093744516
3,73.13333,-14.03496,3.02636904083192
3,62.92608,-13.9975,3.14234624616802
3,51.79126,6.185827,3.1918232801836
3,69.15686,-9.004087,3.80720298271626
3,62.27294,-7.576707,3.33034289744683
3,62.86968,-8.90002,3.16672310279682
3,59.75554,-18.64859,3.23339912761003
3,55.93825,-5.324996,3.67684247065336
3,63.37816,8.626922,3.04839228629135
3,89.06512,-18.00787,3.38801997248083
3,59.49207,-21.839,3.43700924399309
3,63.0717,4.1653,3.74634557287209
3,74.18266,-14.39385,3.48883655387908
3,72.99597,-21.99502,3.92025720630772
3,74.54878,0.68999,3.36202141013928
3,72.79072,-13.42379,3.67273921566084
3,68.58779,0.4890194,3.26154473377392
3,83.4991,-3.712483,3.84527946775779
3,85.60566,-2.347389,3.87252180441283
3,49.33336,-16.45131,3.95512104453519
3,80.25808,-17.90534,3.35253290319815
3,73.99424,-3.416731,3.09292008238845
3,71.49039,-32.68723,3.58737380383536
3,75.56422,-35.10705,3.50138956890441
3,50.77177,-5.560257,3.43969277408905
3,63.31959,3.695687,3.15257903467864
3,62.63376,-20.60124,3.46351741673425
3,72.48474,-9.643281,3.98362256982364
3,55.5865,-23.30693,3.79246502742171
3,51.66027,-29.96612,3.91254209191538
3,53.65475,-5.412206,3.66046102251858
3,89.75272,-8.296798,3.72180418064818
3,60.46186,2.98287,3.03912639431655
3,80.376,-11.60401,3.80190452444367
3,61.82472,-13.03964,3.07489325781353
3,73.42504,-12.02837,3.78034550044686
3,72.77863,1.591326,3.76330794673413
3,67.30395,-22.65711,3.59710067580454
3,71.1454,-6.820285,3.39100035419688
3,91.37652,-10.32453,3.78301288699731
3,70.45771,-2.015341,3.71580072538927
3,65.35571,-2.156085,3.51169797033072
3,86.14405,-6.644713,3.00002074800432
3,40.98589,-20.96894,3.40054590115324
3,85.28412,-16.27302,3.12085543386638
3,84.69904,-11.24636,3.90446633985266
3,78.1619,-22.53974,3.77828407776542
3,63.30449,-7.136283,3.60340567375533
3,50.9626,-0.5868152,3.60420015081763
3,78.5982,-24.0221,3.04219956044108
3,71.42413,-15.80383,3.71215373952873
3,73.3584,1.431008,3.70190805825405
3,63.5102,-10.89118,3.18556895945221
3,64.3641,-38.68109,3.14784317463636
3,79.91314,-16.89974,3.92970854975283
3,70.61451,-13.64807,3.49717308883555
3,77.37191,-29.6917,3.7062545218505
3,62.43318,4.515735,3.7621948402375
3,66.53034,-23.73638,3.05478713102639
3,53.39924,-8.951078,3.33336342684925
3,82.79707,-3.406174,3.91706403205171
3,65.8034,-11.19213,3.92119886772707
3,87.72446,-1.788042,3.18810988171026
3,68.37877,-11.21265,3.08707698294893
3,76.46407,1.250499,3.75045796087943
3,67.35838,-1.977294,3.7736991897691
3,89.75777,-20.19515,3.16909441258758
3,71.4421,-6.040679,3.55763226188719
3,74.56606,-8.156192,3.0270116974134
3,68.46404,-7.432018,3.30992387677543
3,78.44227,-13.59282,3.43819652008824
3,73.10613,5.701017,3.29847295908257
3,62.34706,-22.54894,3.58068642229773
3,51.82533,-14.28696,3.94268336286768
3,70.39661,-5.694306,3.06608124007471
3,76.49829,-4.378538,3.44110152847134
3,61.48431,-16.31903,3.60818118322641
3,61.80352,1.297201,3.26529299351387
3,76.0211,-7.230398,3.36201960616745
3,60.64451,7.604861,3.37823079712689
3,71.70814,-12.86116,3.08694748627022
3,76.83708,-18.12474,3.7304076240398
3,78.40622,-18.09712,3.23938505770639
3,68.72024,-23.95237,3.11284290836193
3,50.06301,-20.20353,3.68035621289164
3,87.69692,-11.42972,3.47205733694136
3,86.99997,4.574135,3.8759064138867
3,68.19161,-20.04976,3.88792367139831
3,68.08471,-28.09651,3.31953862123191
3,64.0625,-10.7499,3.19668475096114
3,74.93968,-13.94003,3.89372532558627
3,74.13194,-7.691431,3.3353870625142
3,67.39908,-22.57539,3.22596336598508
3,73.78174,0.6641589,3.91222078725696
3,55.11437,-11.70788,3.7658409262076
3,82.80132,-13.10405,3.70678940578364
3,61.3069,7.839162,3.08991636917926
3,66.26919,-2.282228,3.35943053010851
3,59.19792,-11.32849,3.59334825514816
3,62.44526,-30.15219,3.78241593949497
3,49.19779,-11.71951,3.81990367546678
3,72.94774,-8.344704,3.94501441926695
3,59.87773,-5.742763,3.55761949322186
3,73.47509,-4.283149,3.28686503507197
3,85.36645,-16.46919,3.33516241144389
3,69.38539,-1.906945,3.57120731286705
3,62.15073,-5.052795,3.97489984356798
3,64.23726,-13.3351,3.17990766419098
3,72.92104,0.791644,3.49680740432814
3,77.48227,-23.13051,3.02481240732595
3,77.34316,3.181548,3.0786800570786
3,69.85361,-9.066127,3.10476432438008
3,70.68102,-3.58606,3.99521598941647
3,84.16232,-24.39767,3.24251531949267
3,57.46576,4.544234,3.2482718967367
3,63.88039,1.74088,3.25810861145146
3,92.76103,1.320703,3.20406645466574
3,86.41515,-12.48442,3.15771290287375
3,63.23813,0.6457113,3.87134874495678
3,72.81642,-17.78091,3.96806200034916
3,52.98323,1.240638,3.79033105121925
3,66.03696,-15.12986,3.96228391630575
3,63.82113,-8.541133,3.84592457022518
3,84.74937,-21.77988,3.54647967847995
3,66.82718,-18.49357,3.39095973735675
3,66.8739,-7.117552,3.30450313119218
3,90.11309,-13.73802,3.68599397921935
3,43.88975,-13.82,3.08292337856255
3,81.08251,-12.44169,3.51884422008879
3,62.29297,-16.46992,3.68070192937739
3,58.55329,-23.56855,3.01547814393416
3,56.00959,8.877159,3.70250256452709
3,76.57934,-6.173397,3.02975884429179
3,82.2019,-6.965297,3.87071660649963
3,73.04178,-14.76294,3.29124706680886
3,69.56355,-12.55183,3.59528504381888
3,52.04093,-14.04998,3.53180675185286
3,73.3532,-7.789966,3.19730667816475
3,63.90973,-12.61178,3.19881356600672
3,50.83435,-1.439128,3.27193297958001
3,72.19453,-16.44232,3.85702428361401
3,74.73565,-25.90802,3.17351927515119
3,68.85865,-10.91415,3.34654475469142
3,80.10725,-4.844485,3.1279354840517
3,73.59379,-2.30054,3.252237431705
3,64.91755,-17.79653,3.70532242814079
3,69.18629,-1.345729,3.26018230291083
3,56.67511,-19.89974,3.79246317967772
3,63.84701,7.070253,3.04060465795919
3,73.52853,-4.305105,3.30275813653134
3,77.77298,-20.97871,3.2517523469869
3,66.58747,-16.51202,3.58684454346076
3,74.68619,-13.78516,3.88405285426416
3,82.44135,-3.198811,3.53910270729102
3,52.30627,-19.96528,3.68011805508286
3,69.2922,-8.165172,3.33377622673288
3,64.40332,11.5388,3.56981917680241
3,87.83745,-5.797536,3.2783768880181
3,73.06476,2.346044,3.18100068415515
3,58.63267,1.1054,3.86700773960911
3,74.55995,-14.94582,3.62583711999469
3,74.27044,-21.81354,3.44059364311397
3,50.25447,-9.793256,3.96060523204505
3,62.09312,-22.10528,3.72605678625405
3,87.61305,0.8871884,3.25663636741228
3,79.40338,3.454682,3.11616419698112
3,77.56643,17.25978,3.49596535647288
3,87.67891,-5.012097,3.25172155397013
3,67.52089,0.5997717,3.45206213230267
3,79.92055,-2.785855,3.27997630671598
3,71.32548,-6.040786,3.54071806091815
3,57.68811,-26.8179,3.54398713633418
3,85.23694,-7.594193,3.71140247490257
3,64.65368,-8.68329,3.95818180311471
3,61.31142,11.2666,3.63516571116634
3,59.06764,7.588652,3.85448631434701
3,87.76017,-11.61341,3.51372882258147
3,68.24614,-26.37716,3.99852253566496
3,64.45452,-2.222824,3.53297183010727
3,65.53308,-29.09276,3.89352029236034
3,63.89614,-19.10272,3.33808719948865
3,80.11442,13.05422,3.35774237662554
3,53.4408,-4.50005,3.55438303924166
3,71.92873,-16.93747,3.48354107467458
3,61.59669,-10.75492,3.33004728797823
3,66.93093,-13.78257,3.26991046615876
3,50.34516,-9.613154,3.45789517927915
3,72.01345,-13.67514,3.22796203684993
3,83.8145,-24.73408,3.67229686048813
3,78.27926,-0.2117256,3.47983295889571
3,63.37316,-5.140422,3.9247299018316
3,67.56707,1.263094,3.81244603125378
3,78.30576,-2.315313,3.62595487199724
3,64.15815,-9.960403,3.14442192553543
3,58.67935,-5.187703,3.2529453530442
3,84.99193,-25.74853,3.73972555249929
3,66.11341,-4.922376,3.17817033734173
3,74.52394,-1.039614,3.70002248929814
3,70.64279,-8.465358,3.79847941314802
3,89.6064,0.470834,3.15505977463908
3,76.0323,-3.837667,3.09323825826868
3,75.88329,-11.40071,3.63706542481668
3,91.41507,-18.58123,3.72027458064258
3,75.96584,-5.74556,3.77431930205785
3,56.82018,-18.1518,3.64898978080601
3,65.26213,-1.156317,3.74405056913383
3,72.5354,-20.20325,3.9591135699302
3,42.97974,-8.860008,3.10382810980082
3,58.11489,-18.28166,3.89195526135154
3,73.26022,-11.98803,3.86662501259707
3,77.94697,-12.41635,3.13997137313709
3,71.2361,-8.819086,3.15154106123373
3,80.56624,7.036737,3.80451786518097
3,88.41406,-13.11624,3.81871401728131
3,72.93951,-8.774334,3.99749893485568
3,71.42486,-6.568674,3.96684230538085
3,85.37737,-2.574961,3.35034071072005
3,60.69893,4.760236,3.68405539426021
3,84.41388,-6.605288,3.33498188736849
3,78.85013,-11.48461,3.84476119233295
3,72.23627,-3.34833,3.98194109858014
3,79.51451,-7.224457,3.94222840620205
3,70.81757,-20.52531,3.85295610828325
3,79.3355,-17.01338,3.99543368304148
3,83.92007,-18.97531,3.00818803487346
3,64.99888,-4.225446,3.24088607355952
3,70.30046,4.675978,3.26752787828445
3,72.4469,-14.50134,3.88637786870822
3,65.32914,-20.57936,3.42571759829298
3,69.68672,-8.770884,3.84799398086034
3,82.80947,-2.210701,3.66200703987852
3,66.12637,-24.65817,3.71618252550252
3,74.31614,0.4964872,3.03018790949136
3,62.74274,-19.14187,3.08790055988356
3,66.71625,-1.28301,3.98181901825592
3,52.76581,2.249599,3.81640069442801
3,64.23697,2.673515,3.92899907263927
3,82.93062,-20.18061,3.86594957788475
3,36.50027,-21.49223,3.43624930153601
3,103.9198,-25.94061,3.96722266706638
3,78.92066,-12.20063,3.61989337857813
3,71.31289,4.678265,3.17103166878223
3,70.89019,15.4043,3.94102954678237
3,87.70451,-15.3165,3.52659161225893
3,58.66569,-4.894761,3.9771899015177
3,65.94133,-0.4717233,3.86409960850142
3,53.61497,-20.94196,3.37301758001558
3,80.81969,-30.37179,3.31028694147244
3,67.59589,-2.237453,3.68689271830954
3,70.45368,-14.35,3.03067520307377
3,52.61427,-5.968235,3.21054045855999
3,67.05727,-18.36929,3.41160089662299
3,80.33527,10.0038,3.92551028565504
3,65.81659,-7.695396,3.56855959747918
3,58.66797,-6.653395,3.69502807920799
3,63.55366,-33.60001,3.90448063029908
3,72.77927,-2.60152,3.69754311349243
3,70.05731,-6.740457,3.52710096142255
3,63.67471,-19.57441,3.50908034224994
3,61.41443,-12.56155,3.27778433519416
3,59.91931,-11.40836,3.98045033100061
3,54.54313,-9.975537,3.69493799097836
3,70.58784,-9.452148,3.39862732496113
3,53.50132,-11.88279,3.26123555633239
3,72.78958,-28.22006,3.37677751388401
3,76.30181,-6.231672,3.25646194606088
3,51.48873,-31.35942,3.25354704097845
3,82.67635,-19.14385,3.95260169962421
3,64.73662,-20.46305,3.13270245748572
3,89.92531,-10.70861,3.22036532359198
3,82.33732,-6.081996,3.32131310971454
3,67.7835,-13.78307,3.11409741942771
3,82.0141,8.581901,3.42873301357031
3,65.64449,-3.324757,3.87862983695231
3,58.89835,-22.79558,3.47056503081694
3,50.28286,4.203121,3.95984863326885
3,68.29051,-13.59784,3.59345117188059
3,85.31325,-9.977645,3.76149252871983
3,93.10153,-14.48068,3.00208934512921
3,64.6744,-1.08624,3.02711950545199
3,72.97454,0.8260532,3.05627145408653
3,74.51596,-9.207847,3.64858273649588
3,68.41306,-2.750809,3.17709129326977
3,75.30674,-4.204458,3.96890390128829
3,53.84029,-12.40979,3.61182998470031
3,67.35263,-0.3542486,3.29270017961971
3,67.39329,-32.9488,3.07868354860693
3,56.93941,-4.871946,3.92366205877624
3,69.12279,5.317039,3.94216611701995
3,57.22761,-5.167954,3.65957464161329
3,76.05929,-5.569526,3.76111789210699
3,59.81583,-4.150285,3.98970053275116
3,64.30557,-27.2714,3.86627086228691
3,59.1149,-16.25977,3.42356375418603
3,91.61397,-12.11007,3.30871791345999
3,78.31008,-16.3773,3.93502115248702
3,68.59947,0.7928145,3.23644549259916
3,68.01685,1.108887,3.76568837603554
3,82.84614,-12.49169,3.65697207814083
3,49.51263,-0.5111645,3.07004599156789
3,69.8973,-34.17,3.010484917555
3,84.17337,-4.631359,3.22791112191044
3,78.89444,-24.29788,3.19293746491894
3,70.69758,9.444025,3.23621784173883
3,61.77013,-19.68894,3.69289668346755
3,78.0163,4.23549,3.27113485313021
3,73.54946,-16.09942,3.96276168199256
3,55.73493,-12.74454,3.66210913448595
3,65.89819,13.69386,3.37296850001439
3,57.39889,-13.82744,3.50245139445178
3,63.04364,-27.31653,3.61803374276496
3,90.12375,-18.2544,3.96672617131844
3,64.38116,-23.61167,3.89526325138286
3,63.44825,-5.62352,3.72002115868963
3,72.94678,-17.25217,3.85180349089205
3,52.57834,-13.12009,3.64502547658049
3,63.63273,5.738944,3.22011588956229
3,71.99254,-10.99059,3.17710106796585
3,72.39277,-4.811533,3.32185452315025
3,79.11701,-4.512673,3.73362708091736
3,51.93237,-17.86623,3.95911318110302
3,70.43403,-21.59988,3.43265653913841
3,73.80844,-2.224638,3.30047962395474
3,81.84084,-19.73066,3.58441497641616
3,60.51824,-7.986829,3.21590237622149
3,76.27817,-26.23452,3.82130070752464
3,72.43248,-18.91511,3.59580287477002
3,68.76535,1.418947,3.08195822220296
3,60.72785,2.763541,3.05572172813118
3,68.29949,-11.58326,3.1941072025802
3,71.62149,-26.87554,3.2256896761246
3,70.59952,-5.845408,3.75077044498175
3,80.10539,-10.8262,3.7184229886625
3,70.75399,10.09409,3.32384979561903
3,61.23998,-21.44423,3.25808246573433
3,68.3528,8.337489,3.72463417612016
3,61.51666,-12.43442,3.93085061549209
3,71.43109,-0.006148352,3.18254949711263
3,62.02735,-24.19875,3.89495110861026
3,61.78095,1.968633,3.15842351131141
3,98.66974,-2.164127,3.79082807386294
3,73.01436,-1.722455,3.92162582837045
3,82.94384,-0.9408177,3.52978256344795
3,80.52203,-13.20871,3.11158940801397
3,53.52886,-3.686721,3.42317091603763
3,70.67194,-0.7722773,3.44566087052226
3,56.81425,-13.70458,3.57996808644384
3,72.37652,-26.52538,3.65326760872267
3,49.83153,-8.861414,3.8640952182468
3,70.16466,-18.97082,3.91006471752189
3,72.25542,17.13289,3.83107746508904
3,69.0665,2.742776,3.92638675309718
3,57.83613,-1.477452,3.79757498390973
3,75.97397,-22.84942,3.25249435566366
3,68.33255,0.6976613,3.03054200694896
3,60.67356,-8.95394,3.03537707589567
3,61.20472,-14.9268,3.3450272558257
3,65.426,-8.987577,3.57619957160205
3,77.37339,-3.91479,3.13958291360177
3,65.88091,-24.6382,3.05963097931817
3,68.68376,-26.48481,3.62482102564536
3,83.17385,-11.66942,3.27560336678289
3,69.57142,-1.19085,3.30932755256072
3,87.76274,-12.09585,3.05718420399353
3,64.25253,-4.659249,3.94593954877928
3,58.7633,-9.553751,3.55930710979737
3,87.6779,-14.57468,3.86280731507577
3,84.77952,-28.19338,3.08667763625272
3,44.48759,-28.91912,3.95646995375864
3,71.15801,-4.96975,3.58856308972463
3,81.11289,1.820294,3.55553970392793
3,69.6739,-13.50128,3.80383786465973
3,77.81984,-29.2818,3.77435632329434
3,74.59189,-6.969018,3.80896472162567
3,87.18534,-7.561814,3.05392394633964
3,80.60636,4.67578,3.99487463617697
3,84.97687,-20.77276,3.33254048251547
3,79.38887,18.96587,3.11209089565091
3,73.09005,-9.938504,3.39358002552763
3,83.21137,-35.36076,3.36550317681395
3,54.64416,-10.79429,3.03477552137338
3,73.64229,-16.80874,3.82084439881146
3,68.84037,-3.089466,3.62627663020976
3,75.82528,-25.17796,3.96414384315722
3,77.2142,-21.17232,3.23032641364262
3,62.69973,-11.28403,3.46181325195357
3,65.87854,-18.35437,3.65933006559499
3,65.8312,-12.80048,3.62290174467489
3,69.75814,-6.189078,3.90028339251876
3,68.61625,-15.98461,3.64605051022954
3,64.98134,-16.78327,3.44931044615805
3,64.85876,-9.286581,3.47802754840814
3,66.79546,-17.6295,3.49516737856902
3,43.56437,-14.07815,3.89875103952363
3,68.28453,-0.05283603,3.00988697446883
3,53.97722,-18.11732,3.96995337866247
3,72.37554,-14.15102,3.22188568930142
3,45.12958,6.069386,3.68914780206978
3,79.23594,-7.783267,3.7381586546544
3,67.89267,-20.79489,3.65003136219457
3,77.45593,-6.610437,3.52857958292589
3,67.28255,-3.456408,3.10000264248811
3,77.23093,-4.179791,3.19124547881074
3,77.14531,-16.25022,3.22378337266855
3,60.35104,-16.18723,3.78098750580102
3,65.31193,-16.61032,3.02703934605233
3,77.93611,-32.70189,3.97190035996027
3,79.88167,-9.25513,3.76848511421122
3,64.06412,-5.053665,3.18987426580861
3,55.65335,-2.352454,3.97825352405198
3,60.33708,-0.5121532,3.97192135592923
3,69.20068,-13.57959,3.81227737665176
3,62.69723,-10.16704,3.21498892758973
3,66.39989,-5.404058,3.20430963416584
3,60.86256,-17.94243,3.57483846019022
3,74.03131,-25.69833,3.85138604324311
3,82.44264,-17.38876,3.8226820754353
3,71.05727,-20.94383,3.71521899942309
3,80.91493,-5.505733,3.39813290559687
3,74.19766,-3.398674,3.77356997318566
3,73.76104,-9.804844,3.59352271771058
3,69.15085,-27.33672,3.97679020813666
3,73.74459,-22.24747,3.88467410858721
3,93.63296,-10.36324,3.72476242622361
3,72.05005,-1.98867,3.24366950849071
3,79.09497,-17.7693,3.94886430865154
3,52.66147,-12.10119,3.48042363510467
3,91.25622,-26.76765,3.98852942464873
3,69.69169,-7.789096,3.29041086509824
3,47.71091,-6.095375,3.83663419121876
3,55.00807,11.56722,3.64408686710522
3,67.68167,-9.785644,3.12227490125224
3,65.44644,-12.13077,3.44973816908896
3,84.56817,-6.077383,3.98768483614549
3,97.56903,-14.44639,3.21166654280387
3,53.24852,-11.41788,3.26795630925335
3,67.16991,-4.073038,3.32810699613765
3,62.42045,-16.2767,3.89200718374923
3,59.63564,-37.79037,3.57828195556067
3,78.52355,-6.868666,3.01407173438929
3,68.07284,-9.450905,3.607201063307
3,64.40905,-17.32569,3.35261916252784
3,83.58873,-10.16413,3.64538899366744
3,83.71054,-7.567408,3.31823118776083
3,76.59972,-8.598391,3.61745925201103
3,65.59871,-5.515496,3.75914298696443
3,64.16531,-8.239429,3.73469776846468
3,72.31848,-28.37739,3.59622188052163
3,72.89074,-13.08401,3.96790830790997
3,71.85983,-7.281507,3.99807297321968
3,74.98594,4.9548,3.96180967823602
3,68.01299,-12.93427,3.02548175142147
3,71.72321,-7.872746,3.1461249794811
3,85.0203,-22.10981,3.25662655057386
3,66.09438,0.7196266,3.3671683263965
3,85.76525,-15.94158,3.62242565606721
3,75.29033,-20.52493,3.34591014380567
3,69.05731,-16.42671,3.44882537424564
3,84.21595,-13.29946,3.88396559818648
3,69.43209,-7.778993,3.09863268537447
3,69.3489,-16.70996,3.88507047994062
3,67.496,0.7695373,3.62653474067338
3,54.37956,-2.373576,3.02314808522351
3,55.37194,-8.759966,3.57745398255065
3,65.99169,-4.956535,3.99631809350103
3,82.59654,-29.84639,3.07418759004213
3,80.10463,-11.9095,3.65228511299938
3,62.44377,-16.1361,3.91679497621953
3,87.34288,-11.94191,3.56481304741465
3,63.13534,-32.47361,3.13296934007667
3,80.38442,-12.19301,3.92649248871021
3,53.62364,-20.69438,3.67714121215977
3,70.99268,-3.287801,3.72084587533027
3,92.67575,-16.18462,3.35725321271457
3,65.15415,-7.422444,3.39089776971377
3,79.33412,-22.18659,3.50288706412539
3,69.03038,-13.70663,3.30035318527371
3,85.09824,-11.31437,3.85289232851937
3,75.07559,-1.20056,3.97296770242974
3,74.90408,-31.59422,3.19738331413828
3,51.66653,5.64022,3.17513728141785
3,77.56271,-12.51884,3.18829340161756
3,83.9768,-15.20381,3.35350214806385
3,52.63898,0.2466355,3.24659457127564
3,64.80269,-19.89357,3.40792883909307
3,60.91487,-5.64697,3.5686283397954
3,76.31144,-13.2713,3.56985105923377
3,72.70005,-17.95129,3.17636944097467
3,54.85474,-4.231365,3.47236508596689
3,60.46303,-11.15464,3.59987769136205
3,73.09839,-14.09135,3.38655702653341
3,58.33049,-24.54733,3.46493798866868
3,78.08799,4.297182,3.80259091570042
3,61.18767,-32.67201,3.46981946285814
3,76.27331,-27.69607,3.63421849324368
3,67.0222,-35.01962,3.08710550214164
3,83.54788,1.910021,3.12615719181485
3,54.19945,-13.45955,3.66221958096139
3,67.80528,4.444605,3.62396383169107
3,87.90198,14.85406,3.91147161764093
3,62.05761,-0.1845935,3.82262560562231
3,67.43387,-4.600472,3.88254869519733
3,51.20422,-7.37377,3.19159772363491
3,83.53147,-4.596114,3.12419410212897
3,63.07033,-10.09449,3.66336404858157
3,62.59971,-7.99627,3.35645770397969
3,68.3894,-1.819404,3.89356724661775
3,75.60424,-8.007767,3.90567290177569
3,51.39455,-7.560444,3.6427712009754
3,54.05743,-30.14147,3.92960494570434
3,54.21433,0.976269,3.39252387941815
3,66.1136,-2.307693,3.9906927223783
3,72.98232,-21.41706,3.70295946742408
3,63.47237,0.4243742,3.27429922902957
3,67.75566,-3.700921,3.62321058497764
3,59.91527,-4.502811,3.06043095607311
3,59.59558,19.35797,3.43703435524367
3,74.9352,2.191131,3.71844721399248
3,59.33881,-18.74531,3.01757595688105
3,79.36212,5.214438,3.34649744839408
3,82.11814,-13.61926,3.76682329154573
3,83.82712,-38.7955,3.76588384876959
3,74.61884,-11.33446,3.1158545659855
3,61.73203,-5.572901,3.61786614311859
3,68.48677,-23.12137,3.73675505747087
3,69.30094,-27.30873,3.07554304553196
3,56.70621,-17.45695,3.42551830015145
3,71.53534,0.8623792,3.01357011636719
3,76.21033,7.055012,3.11281885625795
3,63.84636,-17.7283,3.26721167936921
3,66.25222,-3.913034,3.63315125461668
3,81.44768,-24.24757,3.22054538177326
3,62.67937,-20.08821,3.78629865497351
3,54.33532,1.649464,3.51056053722277
3,75.66274,-15.75875,3.7991033627186
3,80.03555,-14.61174,3.54616217291914
3,60.50964,-18.80588,3.63816297589801
3,69.59802,-15.57155,3.83723795856349
3,63.66285,-30.48215,3.43466385500506
3,56.05253,-7.357508,3.00770005350932
3,64.07648,-4.398561,3.23951246426441
3,64.70491,-10.37657,3.08132372330874
3,80.56889,14.50799,3.35963538358919
3,86.61128,-7.867749,3.78646405483596
3,76.73148,-16.83939,3.75409843632951
3,68.25068,-7.142002,3.05887439940125
3,83.53589,-22.03176,3.65792101039551
3,84.63376,-10.65431,3.83169946004637
3,59.70858,-7.02261,3.22197985486127
3,66.62059,0.2782472,3.4116334610153
3,79.4429,-20.8802,3.71115081920289
3,59.14149,-3.268589,3.33541205269285
3,62.93142,-9.67255,3.36340791685507
3,76.28171,6.197267,3.36853713379242
3,81.7813,-17.89441,3.09683587355539
3,49.64519,-20.29111,3.98071530554444
3,58.37999,-12.982,3.55455295741558
3,74.68241,-22.74285,3.89006870333105
3,88.04622,2.73894,3.08093205536716
3,41.72015,-7.237918,3.5946880185511
3,61.91275,-12.98729,3.64355140435509
3,74.79148,-17.63764,3.50770883844234
3,61.99087,-15.7656,3.33166110841557
3,82.01159,-18.70377,3.68135065282695
3,78.71038,-15.10186,3.79058012110181
3,85.51906,-22.09427,3.4341578874737
3,76.5364,-11.39254,3.19346667383797
3,48.34201,-9.15055,3.02737257070839
3,69.69287,-7.067629,3.21358180604875
3,79.86285,-16.01771,3.33806162048131
3,69.80298,4.93805,3.32496698480099
3,83.65175,-18.73922,3.60943795740604
3,85.6528,-6.461061,3.68206867598929
3,82.77088,-2.373299,3.37702086218633
3,64.46532,-10.50136,3.92140575032681
3,90.72282,-12.25584,3.00225638295524
3,64.87976,-24.87731,3.81347523978911
1,24.2999,40.42887,1.25254595302977
1,37.48364,34.12808,1.91554205468856
1,48.1905,56.00667,1.83062880509533
1,48.32863,76.0944,1.94411912676878
1,31.44145,62.66712,1.21026495588012
1,37.60916,64.75492,1.33903651009314
1,52.68577,71.53609,1.38517325976864
1,48.723,83.29384,1.57546421210282
1,31.85518,59.35438,1.40162842697464
1,55.55334,57.31956,1.810862661805
1,29.06337,49.34992,1.09593499964103
1,50.45302,78.01416,1.18085454567336
1,33.5429,51.27797,1.84707845980301
1,45.11086,46.34557,1.92230956442654
1,43.73054,67.13846,1.69900178955868
1,55.90229,44.41355,1.44434353103861
1,35.51136,63.02239,1.41370554990135
1,36.66438,60.00177,1.97219378617592
1,39.22292,42.76795,1.92724270932376
1,25.76358,72.0769,1.48511348478496
1,42.31278,66.04035,1.53842246159911
1,46.66542,58.45405,1.94527954328805
1,57.76221,50.79996,1.27671179105528
1,53.64062,53.19439,1.63378716795705
1,55.59307,72.58209,1.8308974262327
1,34.6382,62.93818,1.86225078883581
1,68.81378,49.40914,1.11272583925165
1,38.22668,55.08212,1.32502157543786
1,42.41835,73.77797,1.59602342220023
1,44.42384,52.0499,1.2400282821618
1,32.44594,52.46474,1.61636682180688
1,43.85302,49.00594,1.06816510343924
1,52.93561,51.52707,1.10033718100749
1,46.05927,70.18995,1.70979847409762
1,44.43309,58.9645,1.15643533552065
1,53.3247,66.99565,1.70785811892711
1,54.93488,52.0303,1.21903867833316
1,44.00335,60.1725,1.07881745579652
1,38.54234,53.11563,1.62395482463762
1,26.89144,60.17693,1.63670722814277
1,27.22742,47.07473,1.08034011139534
1,24.60301,58.44653,1.4619523040019
1,45.18391,69.45772,1.91935219080187
1,35.58807,73.17408,1.28291987627745
1,28.12908,44.06283,1.05325257661752
1,39.83815,48.70388,1.86456184042618
1,40.05444,79.05227,1.50403382233344
1,54.45572,49.34488,1.9543862240389
1,58.99003,59.51809,1.32938584662043
1,47.31255,47.80124,1.71511061443016
1,46.05767,70.08161,1.35977248940617
1,51.1862,60.57783,1.26894021825865
1,58.01157,62.87727,1.42779440130107
1,31.05124,61.88555,1.32364594121464
1,32.63545,43.24568,1.31696021580137
1,59.21907,75.16453,1.81188062857836
1,40.6654,81.79757,1.02436992293224
1,35.82676,67.83398,1.45422951458022
1,49.35519,75.29319,1.70725871087052
1,57.81302,55.61863,1.48285408806987
1,36.07083,51.26997,1.97396362153813
1,33.88886,48.83694,1.63809075695463
1,38.75301,68.91596,1.61795027600601
1,44.30184,53.37654,1.45976705756038
1,43.40867,62.64091,1.98141138418578
1,36.25078,46.24887,1.39387032855302
1,35.66046,40.16179,1.73131935857236
1,44.1886,74.18132,1.34756736457348
1,42.35297,68.86938,1.08961190725677
1,59.72761,71.64868,1.74994335742667
1,41.7742,74.69192,1.94296209141612
1,39.48583,58.30032,1.39624709053896
1,46.18587,49.02519,1.17858106503263
1,32.8916,50.17133,1.99280814593658
1,31.03531,72.2532,1.93546534096822
1,47.2611,67.1427,1.56567870965227
1,43.63065,63.04766,1.81934478366747
1,43.20379,57.58694,1.62990492209792
1,34.45682,54.82336,1.18084991932847
1,36.08501,68.00059,1.8129963343963
1,55.93224,63.07734,1.28366398136131
1,30.01013,67.8034,1.2055699636694
1,40.17444,50.23319,1.58171256282367
1,40.51248,61.16069,1.54700089804828
1,44.84228,59.17143,1.03130441624671
1,44.95826,65.09772,1.69646030291915
1,49.34734,52.56688,1.14644414489157
1,24.18327,63.48712,1.96678642113693
1,41.57294,48.41452,1.74419001489878
1,36.97141,65.02328,1.0779545030091
1,39.83944,49.22476,1.65062614181079
1,39.42764,46.07249,1.27219087118283
1,33.85577,58.8609,1.52510592248291
1,32.44452,46.98045,1.66541290585883
1,35.12357,78.56973,1.9318609230686
1,36.99186,63.62753,1.85503278323449
1,44.04283,69.94757,1.59555189264938
1,47.66477,59.80407,1.74653068603948
1,46.3599,59.65952,1.43574143433943
1,71.56261,53.91534,1.80115307634696
1,28.92869,46.33052,1.2699509349186
1,47.19929,41.39569,1.84258987614885
1,48.15507,83.98581,1.17073787236586
1,48.4477,54.65174,1.5892447733786
1,35.18339,68.19836,1.12820566166192
1,52.26128,50.64056,1.40198460151441
1,35.77592,62.37214,1.02596435230225
1,43.37792,60.65264,1.47776889242232
1,40.40879,53.21294,1.84830603678711
1,46.39126,64.80002,1.68004424707033
1,61.87996,62.7935,1.13312549027614
1,18.99094,54.79462,1.74335101689212
1,35.54591,64.34436,1.3694652125705
1,50.37548,68.05591,1.73636187869124
1,54.54673,60.98913,1.94751972984523
1,44.13707,53.40706,1.93599461810663
1,45.55372,70.63025,1.89441754971631
1,45.68042,41.9937,1.10010431474075
1,55.04569,48.46728,1.32138744625263
1,37.81383,42.24533,1.05965468962677
1,33.56491,78.10993,1.11576241138391
1,19.2699,67.18515,1.53716425877064
1,37.28481,37.79198,1.16702495957725
1,39.77556,44.83249,1.49030020553619
1,35.46314,70.30631,1.59410839271732
1,40.41439,65.25805,1.83315356937237
1,26.7135,60.60958,1.05300101451576
1,40.50345,57.22231,1.35796927218325
1,29.83138,55.35326,1.17208513640799
1,40.04233,60.38692,1.36257562483661
1,40.95189,51.6069,1.69145575957373
1,51.68887,52.47176,1.66032387013547
1,24.69499,50.50501,1.15384276979603
1,62.78684,55.41728,1.96529959701002
1,21.08624,48.07032,1.49751809216104
1,22.0205,45.01294,1.25709924986586
1,41.01136,45.20848,1.71867064828984
1,41.47629,49.69875,1.98729902342893
1,43.15526,69.96187,1.93825729214586
1,33.97264,58.3128,1.38393698935397
1,35.58473,46.37667,1.69963174010627
1,31.52146,61.44991,1.28552887076512
1,38.50949,54.9348,1.1031416892074
1,48.51959,45.1665,1.43849483272061
1,51.80655,48.92263,1.2453277753666
1,59.93333,41.36604,1.68638930865563
1,37.52437,65.41436,1.44777263584547
1,41.38512,58.3734,1.996693872381
1,59.89985,45.3802,1.4355667072814
1,46.32288,49.54236,1.60644168173894
1,45.69158,60.92593,1.04742847243324
1,36.79516,78.20391,1.78395205410197
1,30.70871,70.33036,1.35845478181727
1,51.97064,80.70323,1.92527536046691
1,50.47091,64.8867,1.15333141176961
1,52.55752,66.85835,1.88379059173167
1,38.0208,75.94703,1.633931201417
1,47.81833,58.65439,1.55022808280773
1,45.85127,67.85252,1.15480758668855
1,51.34424,68.26302,1.3638904967811
1,37.33317,67.98247,1.34353290032595
1,45.61133,63.20619,1.59191929991357
1,31.50764,65.71172,1.10055060498416
1,28.51895,73.79701,1.72654473222792
1,50.74807,53.57638,1.79406324145384
1,39.53701,69.93832,1.40277447993867
1,49.56372,68.6858,1.424227951793
1,57.41644,42.79595,1.04675527499057
1,35.55559,58.52347,1.23563001607545
1,42.96314,37.97548,1.33631291100755
1,41.98642,55.80981,1.45727992453612
1,32.55532,46.44257,1.90516252652742
1,32.34528,60.57506,1.53270162991248
1,24.44857,51.36618,1.70579093857668
1,39.53357,64.53082,1.42353335674852
1,28.80983,55.80426,1.40376642975025
1,39.83018,55.04155,1.25194166065194
1,39.42011,44.53216,1.21967473975383
1,42.75812,66.42826,1.65513463015668
1,23.17606,56.86704,1.27562011685222
1,25.55901,68.7241,1.49707564152777
1,18.26403,40.02327,1.42013951204717
1,30.70777,63.31014,1.80944616440684
1,49.43437,79.62605,1.62708301027305
1,41.15351,60.28376,1.30028651002795
1,36.17541,65.56798,1.91608157637529
1,44.08116,51.84447,1.14271650020964
1,43.27453,68.85571,1.92021943652071
1,49.39423,60.62898,1.29107018536888
1,50.53357,46.03307,1.43967947806232
1,42.95269,71.277,1.81676434795372
1,30.57404,76.27772,1.19114464055747
1,35.20991,69.40798,1.57941233017482
1,39.5469,58.25396,1.18857337464578
1,40.54202,68.29326,1.36622060160153
1,42.14727,63.224,1.92196787404828
1,39.30898,55.78019,1.52085080323741
1,50.05859,57.09342,1.80247330991551
1,43.67538,63.21723,1.38272740715183
1,39.79353,43.73809,1.82925899093971
1,43.44539,50.19695,1.64590173657052
1,41.67813,55.28962,1.32849523751065
1,48.594,69.64589,1.64063938404433
1,38.46082,61.08416,1.21930727199651
1,53.26524,63.82018,1.87780502694659
1,49.0517,66.49995,1.43604007945396
1,39.31737,67.48604,1.65897614392452
1,41.24618,49.47654,1.07981531601399
1,37.88715,59.91647,1.77388131269254
1,41.14622,63.44699,1.54126832121983
1,32.52164,73.23534,1.82182630919851
1,41.10812,44.68184,1.2661188209895
1,25.34895,55.25141,1.31244834745303
1,41.9661,60.38896,1.07448653574102
1,40.65187,61.11229,1.02149252360687
1,31.38396,66.525,1.17039338103496
1,59.78578,38.49133,1.42733079451136
1,31.3399,63.09048,1.7461372744292
1,40.92554,60.43771,1.43728408101015
1,29.67727,66.38073,1.14840058470145
1,32.59683,33.86709,1.36950866109692
1,20.88727,56.18753,1.75301495846361
1,37.8447,51.01321,1.36643395270221
1,40.57783,69.06488,1.33760501816869
1,59.67326,74.55562,1.32368563464843
1,36.6854,50.43604,1.05762165249325
1,45.94,57.68176,1.9102407200262
1,64.98144,79.71206,1.58711559162475
1,36.98331,65.35463,1.61013861373067
1,45.67468,55.15185,1.32198963616975
1,37.51643,49.06353,1.14381818473339
1,51.32067,56.63374,1.672619973775
1,46.13968,46.26812,1.03605712624267
1,46.3057,50.07933,1.27295886259526
1,58.78482,35.37284,1.41408896050416
1,24.40643,58.87376,1.93459085933864
1,42.22782,61.23968,1.4737714829389
1,19.33637,69.78316,1.06429189071059
1,39.09501,60.00454,1.69000480836257
1,31.54544,56.18556,1.06537475599907
1,46.81052,51.33483,1.99431184423156
1,37.31417,60.64799,1.26657540421002
1,35.31276,64.61462,1.28296335949562
1,47.03397,66.32737,1.77569700358436
1,43.20051,64.01385,1.8590709939599
1,57.78369,73.30975,1.70927656232379
1,51.95346,50.6932,1.94904987700284
1,37.04092,60.51894,1.22019199444912
1,33.26079,75.71045,1.08562953956425
1,45.94416,71.49937,1.20422226190567
1,35.73385,46.9001,1.94999439595267
1,40.76379,67.68751,1.72655320214108
1,35.14554,65.5663,1.66446637525223
1,35.66175,56.80016,1.79532929207198
1,28.88317,43.26803,1.65626127482392
1,31.27264,66.3293,1.91768403816968
1,34.13748,60.96088,1.83497168007307
1,47.33729,68.169,1.15861988184042
1,31.18816,78.43963,1.85028668562882
1,37.92156,63.1141,1.00328547297977
1,53.294,55.50262,1.69822184601799
1,61.38426,59.91205,1.27976969955489
1,43.75808,67.45812,1.94681868236512
1,38.92632,43.12086,1.93046372337267
1,30.63075,79.46695,1.75036650756374
1,28.52392,59.14458,1.88469882891513
1,34.3243,60.94347,1.2471210968215
1,24.5469,64.80247,1.60323396348394
1,36.00817,46.68387,1.63441091426648
1,21.60583,46.62644,1.79025023500435
1,44.03259,64.42778,1.07609649398364
1,33.99769,56.55145,1.52201450383291
1,43.60366,61.25346,1.65259587042965
1,46.92525,54.08689,1.34293207898736
1,50.50127,60.62361,1.38897971599363
1,53.49198,41.07875,1.43777053663507
1,42.67635,55.93246,1.98113029333763
1,27.99422,53.68188,1.81058466224931
1,39.43207,57.01566,1.24413306987844
1,26.77366,63.055,1.31120250327513
1,42.40971,49.95729,1.22256110049784
1,36.22691,57.21221,1.9562769534532
1,38.46163,67.33074,1.43460850208066
1,43.78143,65.92309,1.75199259328656
1,32.78291,73.01238,1.37925949250348
1,34.33231,60.31763,1.08758643618785
1,38.62762,57.39558,1.25181756867096
1,40.80154,39.94366,1.0036261214409
1,34.4872,50.56793,1.82052295119502
1,37.28235,51.46425,1.11533686006442
1,36.29004,72.62875,1.08897032635286
1,27.32446,51.97536,1.73988210363314
1,43.01795,72.62218,1.05263066850603
1,30.62136,49.73988,1.95134160434827
1,51.54357,37.5978,1.65965202334337
1,54.47479,52.03507,1.52782111498527
1,46.6837,76.38964,1.89656436280347
1,36.40191,55.50854,1.68931204359978
1,32.79919,57.24132,1.09752461477183
1,63.01717,51.67786,1.47920904727653
1,30.48439,39.33047,1.38621538435109
1,36.6763,87.27119,1.95980776264332
1,18.94383,59.33327,1.28397794696502
1,43.45898,51.92991,1.68330317176878
1,37.48009,68.55787,1.45289499871433
1,45.79938,71.73394,1.39231204567477
1,39.69381,58.77897,1.32203828613274
1,43.60521,51.59496,1.7610426787287
1,49.18213,66.20721,1.23781400173903
1,25.83677,47.10274,1.19318552641198
1,30.90342,53.13581,1.99069139454514
1,40.20493,60.96742,1.17811201978475
1,46.98463,52.61281,1.18932116730139
1,39.37106,46.29081,1.37329904362559
1,40.281,59.03583,1.68362035253085
1,40.44173,47.78119,1.9675891213119
1,37.66053,59.73406,1.33014638070017
1,38.11046,44.89672,1.00220100558363
1,48.2845,41.49009,1.36072897887789
1,49.2973,63.16118,1.61150007462129
1,22.48131,74.58899,1.76604208699428
1,52.90003,58.66274,1.24808957707137
1,39.1711,60.65303,1.61575221503153
1,46.23943,65.03093,1.57724635768682
1,38.69597,84.08148,1.79766423860565
1,40.79527,49.7543,1.62264556461014
1,42.84691,57.79911,1.05272173904814
1,65.71859,53.45975,1.5026089893654
1,32.24807,67.18962,1.19562178314663
1,37.50528,72.15233,1.84915842721239
1,46.19626,63.37228,1.58926042262465
1,46.93901,50.99902,1.60548631381243
1,30.82879,59.55766,1.91953413956799
1,53.35965,52.76179,1.96067850268446
1,48.15439,68.73672,1.36688149650581
1,33.21166,38.87962,1.69510839227587
1,29.92048,77.03939,1.9237896266859
1,37.6465,56.99416,1.1538082298357
1,35.9354,77.82079,1.43288261676207
1,47.70036,64.47489,1.74996493733488
1,25.77065,62.45383,1.46357708587311
1,41.92523,57.7624,1.90053840796463
1,34.45473,60.32253,1.99268533661962
1,30.77576,52.58115,1.45013846224174
1,26.14364,66.58151,1.11012170743197
1,47.21836,51.68076,1.68244830099866
1,55.78841,57.97879,1.61354848952033
1,43.2989,56.97968,1.37006737105548
1,40.87212,27.31616,1.34306366695091
1,49.88417,32.45283,1.6744607030414
1,20.55912,57.01987,1.06367369065993
1,25.06116,44.75805,1.266068729572
1,26.01595,55.76411,1.07243429170921
1,37.25416,65.31094,1.93626029114239
1,53.36999,53.56238,1.57817721553147
1,38.84896,56.97574,1.86355536314659
1,39.51915,61.65769,1.52477045170963
1,37.02022,69.50709,1.98712620418519
1,50.74908,56.24477,1.22267846320756
1,35.7051,58.49562,1.62258071498945
1,44.44394,67.48245,1.81005397904664
1,54.81738,61.41306,1.3521383299958
1,45.88216,63.42376,1.21482538036071
1,39.53611,65.04189,1.60830103745684
1,44.80203,50.21186,1.06175240967423
1,29.91771,71.56391,1.05696476064622
1,25.37846,64.61015,1.23059540335089
1,41.21589,64.27742,1.37193064810708
1,51.48426,68.011,1.62990239402279
1,59.85225,60.61618,1.53609898290597
1,51.70456,47.81819,1.75385935022496
1,47.91999,46.15824,1.10210008942522
1,41.99199,65.34492,1.65480023203418
1,53.38919,71.59792,1.59437405318022
1,50.13654,58.47133,1.38889558520168
1,43.55886,50.07811,1.6915259861853
1,44.48821,73.62916,1.27436385094188
1,27.92514,67.88335,1.27964840224013
1,36.57076,72.47042,1.72713804035448
1,35.29817,65.07594,1.13134433026426
1,51.4997,63.69956,1.77761312155053
1,49.04667,65.28074,1.3016614234075
1,38.21852,56.44799,1.20692309294827
1,35.58804,44.72433,1.04998465836979
1,27.65341,61.1188,1.87078887503594
1,41.22976,53.65146,1.50061183352955
1,32.00885,46.29029,1.06547930580564
1,46.49651,55.93187,1.35153903765604
1,25.12809,45.54561,1.09841063036583
1,31.50795,35.04832,1.52163946116343
1,32.441,70.15026,1.10090199252591
1,50.46987,56.49627,1.13628826802596
1,53.02414,48.18963,1.01937396102585
1,46.28482,64.75075,1.70770767750219
1,21.90914,60.49558,1.42826895019971
1,38.16132,56.99729,1.39127883641049
1,32.70623,53.86508,1.14795798971318
1,30.58785,74.07853,1.24224545923062
1,42.87658,64.60489,1.9898003579583
1,41.16918,50.85736,1.51183115877211
1,40.4065,56.96268,1.10123707563616
1,27.98043,54.99941,1.36526954988949
1,39.86144,65.40418,1.78480446944013
1,44.06916,58.01787,1.86936874384992
1,41.27358,47.03271,1.41843257285655
1,29.50536,50.07637,1.92158565763384
1,42.72526,52.06594,1.81276239501312
1,55.88999,57.75395,1.68585856957361
1,43.43729,45.53989,1.17554832925089
1,45.21592,56.23551,1.44969063531607
1,21.46886,50.97331,1.49310086201876
1,40.8175,63.63504,1.57451608101837
1,34.89724,64.74254,1.54473476368003
1,38.82377,54.30612,1.19362348201685
1,39.81253,61.8196,1.48814156907611
1,42.25532,62.65005,1.74208021885715
1,44.36548,49.87988,1.41874755639583
1,31.58178,55.53971,1.50875132693909
1,35.25133,53.15157,1.03345914604142
1,50.77632,74.22147,1.66342598129995
1,46.64062,37.81122,1.11388284247369
1,50.71756,53.06595,1.55801045289263
1,49.07775,59.12901,1.45403005392291
1,26.63234,64.19727,1.06404899829067
1,48.79625,38.62079,1.11306510609575
1,22.20029,73.11573,1.67143786023371
1,44.41,53.04649,1.30845482321456
1,63.88825,48.97889,1.77901045023464
1,33.57092,63.84941,1.8576291219797
1,44.85232,62.17386,1.44581903726794
1,43.81482,57.73569,1.83068252913654
1,32.16317,58.71496,1.60215639835224
1,34.76834,55.57443,1.08615804184228
1,27.02004,60.16687,1.97637181961909
1,36.84926,46.01221,1.9558726856485
1,36.16788,68.04738,1.73510163533501
1,54.34972,51.9426,1.5943351672031
1,47.11679,77.18788,1.00079835555516
1,57.4229,32.305,1.20871683838777
1,52.18029,65.10573,1.80364530161023
1,51.85909,67.51661,1.603118077619
1,49.03182,60.34069,1.85668554157019
1,45.43005,59.77699,1.63998458278365
1,33.16007,67.7972,1.51410263683647
1,28.07412,60.4441,1.65140064386651
1,37.39232,60.04588,1.34716380853206
1,41.7159,54.8672,1.37963742739521
1,32.7979,73.65913,1.20820080814883
1,48.73786,49.54446,1.22282224195078
1,55.61709,57.06916,1.80038148257881
1,26.59618,54.89858,1.02455874858424
1,42.08567,40.12172,1.41664644842967
1,52.21176,52.75539,1.22058862354606
1,36.55513,62.31943,1.88527601631358
1,31.43811,50.33373,1.50015652808361
1,40.87347,69.90448,1.93741489783861
1,25.97094,68.05602,1.45552212256007
1,35.18777,47.83521,1.65455825044774
1,30.72323,53.49924,1.24925283296034
1,41.99314,50.87471,1.54237901512533
1,30.88503,59.03542,1.27687793248333
1,55.63384,51.22741,1.47189044300467
1,37.70752,54.48603,1.57738932780921
1,27.17879,73.22714,1.35633175936528
1,55.74353,35.89603,1.40221163933165
1,25.66439,58.53562,1.03658792469651
1,17.00957,68.39096,1.40256766183302
1,43.95091,61.0425,1.70939108682796
1,38.8072,53.42418,1.42494771606289
1,40.30421,55.30517,1.41037350380793
1,39.78672,57.06535,1.99797628377564
1,63.90414,56.32496,1.40644693165086
1,48.88094,67.82444,1.43598865135573
1,58.40254,79.28048,1.28159752604552
1,39.70721,64.78928,1.71145374211483
1,47.59079,51.5511,1.37035258137621
1,44.84636,52.34264,1.04610942327417
1,21.27829,50.89752,1.27983108628541
1,56.59843,65.83452,1.93068742472678
1,37.48017,57.39704,1.30661186901852
1,49.15954,46.12192,1.10178108979017
1,37.66307,57.0688,1.84961373428814
1,41.86126,63.41366,1.63164176163264
1,51.73052,66.6951,1.22764305956662
1,47.64847,58.08665,1.94173246715218
1,35.17402,56.00186,1.89219064451754
1,45.44158,84.85019,1.1054095197469
1,63.14872,70.52519,1.18295726296492
1,42.08557,54.22347,1.32408831175417
1,46.01514,58.37922,1.58572119451128
1,42.11817,66.59673,1.1775545370765
1,26.51054,64.8716,1.61688064853661
1,28.67938,67.39531,1.48196532041766
1,29.98758,56.67641,1.44517754530534
1,23.97532,53.69432,1.30846445215866
1,54.47663,68.48247,1.11654703388922
1,25.66849,56.62032,1.93597301933914
1,36.40398,63.52458,1.34985972149298
1,37.76594,48.95203,1.97761326609179
1,44.49676,53.93384,1.21918988903053
1,41.21254,67.43937,1.74245783523656
1,14.46949,62.26729,1.91262275120243
1,26.00632,58.30301,1.97453493066132
1,47.84569,51.46759,1.7360163028352
1,44.96501,81.81427,1.70909236860462
1,52.12286,65.78259,1.152006855933
1,34.2726,65.021,1.16831989120692
1,36.36313,63.94629,1.84477791679092
1,20.33037,62.20769,1.00963483098894
1,58.24481,54.45848,1.86472283909097
1,28.1422,76.06569,1.995895056054
1,40.83747,60.21198,1.06690425495617
1,29.58027,51.32616,1.36300035729073
1,41.68749,56.74836,1.76797232008539
1,19.3453,49.81644,1.78238461841829
1,39.10978,59.98583,1.0629938619677
1,30.06011,59.57409,1.625281016808
1,30.11872,48.14224,1.05326805473305
1,26.80173,69.78267,1.36655493522994
1,41.4497,56.78115,1.98734064027667
1,39.84126,49.97964,1.19013444823213
1,59.78358,61.26106,1.4399466663599
1,45.44818,64.82023,1.24334898404777
1,58.4162,58.58034,1.34166959812865
1,36.46915,65.33484,1.76616299641319
1,47.39338,54.89619,1.57964445953257
1,55.97659,75.71833,1.05436532036401
1,25.90733,51.43085,1.27813289151527
1,56.32167,55.58431,1.63775984337553
1,59.47724,54.72548,1.80430730106309
1,36.04946,34.22141,1.28248276305385
1,34.61991,75.20385,1.77677839715034
1,40.56393,60.7759,1.14445883408189
1,23.05746,43.83699,1.67308383109048
1,49.64375,49.0249,1.83112571993843
1,22.87106,59.36683,1.47612003004178
1,41.12026,55.79939,1.54036015388556
1,55.2759,52.32505,1.57707048323937
1,45.41858,69.30771,1.62032858934253
1,42.58969,48.27374,1.0545549672097
1,59.78563,54.97828,1.36206891387701
1,46.41741,52.72119,1.99227888509631
1,13.42948,57.03562,1.57389744278044
1,50.9471,56.93176,1.41864098934457
1,46.0973,47.2256,1.26665034913458
1,34.89751,71.07395,1.19717021449469
1,26.31495,49.99565,1.74124509911053
1,30.89327,79.22578,1.16136461030692
1,43.23482,46.73741,1.90011140797287
1,44.94405,50.6335,1.36687129037455
1,45.22232,80.58161,1.15178172988817
1,33.07619,72.86371,1.21928886626847
1,52.04657,62.56454,1.06284549809061
1,41.67568,60.35936,1.07229523337446
1,55.84756,67.5848,1.12634806777351
1,36.04547,49.41498,1.08468145434745
1,36.28569,60.10168,1.52997930976562
1,45.72856,50.07189,1.53210674296133
1,39.05539,54.94165,1.58484897506423
1,20.2726,48.62656,1.5520249675028
1,27.33974,51.36997,1.08929515210912
1,46.13468,55.69144,1.05956914206035
1,44.96999,65.99128,1.54417495895177
1,46.39057,67.48663,1.3767827975098
1,47.08233,60.20998,1.4402931034565
1,36.53939,60.50986,1.82300468534231
1,38.75325,61.35403,1.37225210014731
1,42.64909,57.29917,1.47262271121144
1,23.09582,70.34206,1.18433867068961
1,42.44851,44.21829,1.1452878001146
1,33.49563,71.32774,1.30721899052151
1,47.07288,55.7378,1.03476247307844
1,24.9612,53.32379,1.21284401929006
1,45.48775,65.85651,1.39512293064035
1,59.20356,68.74465,1.37200803426094
1,44.00992,50.52786,1.65169495018199
1,43.68642,83.65863,1.494564804947
1,41.87053,51.92226,1.84638370503671
1,43.72969,46.00091,1.18466882477514
1,38.52629,76.75724,1.73104853997938
1,53.42536,73.632,1.1870000641793
1,39.33739,51.29871,1.68442072928883
1,36.66598,51.51536,1.72160801850259
1,41.96913,61.30644,1.70155937992968
1,35.25198,60.78493,1.75758858118206
1,33.56147,59.85432,1.73539067432284
1,33.07125,49.41556,1.02108372282237
1,48.44303,51.90851,1.30534961936064
1,40.75025,68.0989,1.26679189736024
1,50.35784,54.57351,1.86576308729127
1,44.57279,78.77867,1.96108953794464
1,24.52693,68.57829,1.73764508264139
1,54.20255,63.61836,1.38737638294697
1,41.30357,66.8662,1.8191603217274
1,37.41374,71.92524,1.110376290977
1,26.86204,55.37459,1.9603327778168
1,39.55137,43.2294,1.4259378798306
1,47.00566,53.65933,1.90584872127511
1,38.12361,57.12999,1.32885394361801
1,37.52485,80.64694,1.67727807536721
1,39.20578,62.21249,1.76084848796017
1,52.36179,58.99351,1.07822704268619
1,45.0324,47.69177,1.07170460326597
1,40.86912,38.84561,1.57682086201385
1,48.08253,68.39592,1.60007472010329
1,54.8749,66.84655,1.71756902127527
1,24.57269,71.18354,1.91733826929703
1,35.00761,57.033,1.49651906406507
1,43.44146,65.25961,1.89506398327649
1,43.16221,47.03518,1.21787475934252
1,34.24286,62.92888,1.90962014044635
1,43.58324,56.57035,1.89370484557003
1,36.35557,67.91737,1.31412887084298
1,35.1833,55.00228,1.77520114113577
1,44.51795,68.3382,1.89789899042808
1,54.39144,37.30894,1.58095730794594
1,45.86727,87.3137,1.60609057592228
1,39.09084,66.78102,1.25123633770272
1,27.79925,58.74917,1.73799065640196
1,33.06475,78.47807,1.6102048419416
1,23.54635,55.19841,1.39418883458711
1,43.46392,64.71713,1.48697540885769
1,35.42679,54.08204,1.12791957217269
1,34.19314,71.58672,1.1586632814724
1,10.8867,68.44097,1.49516838579439
1,56.59104,64.011,1.10006737452932
1,47.3817,56.87357,1.49523172806948
1,38.49504,60.46255,1.05866742390208
1,52.51262,67.06044,1.20285761565901
1,44.5458,57.88389,1.01399753289297
1,44.03849,53.62613,1.97035852470435
1,36.41589,56.97656,1.38743000128306
1,50.31431,61.40527,1.45079372613691
1,30.72297,53.84722,1.92706817761064
1,29.87761,61.21636,1.02039716159925
1,59.26816,69.29843,1.1389082421083
1,35.04088,61.20282,1.66958116507158
1,44.87322,43.20948,1.7422821810469
1,29.24664,51.7367,1.74697626638226
1,50.04572,53.45699,1.31150270486251
1,47.97724,69.38969,1.50489933975041
1,29.6133,70.91985,1.46554236183874
1,30.89345,61.36776,1.28429919714108
1,31.74421,58.71527,1.763602652587
1,36.60416,56.83749,1.39536899910308
1,47.78417,53.40695,1.65386383468285
1,23.22726,57.4777,1.74730712338351
1,51.37993,65.01276,1.13465391122736
1,31.36008,63.86529,1.60640052612871
1,46.77678,65.41522,1.71706688962877
1,44.1524,46.76581,1.51522230752744
1,41.43843,54.11403,1.05656697344966
1,53.77942,55.54833,1.64108208939433
1,33.7694,79.58607,1.66798472963274
1,35.79716,55.52056,1.574977068929
1,30.53843,72.95658,1.99347938830033
1,46.22857,34.53551,1.07395725790411
1,39.67892,62.87499,1.14739701407962
1,36.81919,52.38703,1.97777638141997
1,34.27178,48.92915,1.95194166270085
1,42.32842,63.12152,1.12867883266881
1,46.33527,63.28707,1.33504708111286
1,53.53398,51.14082,1.74122934555635
1,40.61128,50.21093,1.0907724716235
1,50.62107,40.45209,1.16000506933779
1,36.47783,78.33963,1.49050888465717
1,52.38983,64.53774,1.0975860201288
1,30.01806,75.31725,1.08168306411244
1,39.00967,50.87296,1.71758874575607
1,22.71875,67.99089,1.98182767257094
1,61.24,65.89064,1.54956919653341
1,39.18396,65.65822,1.84795071533881
1,44.69035,57.93645,1.19782835943624
1,58.0471,69.76289,1.69861808489077
1,51.25563,61.33045,1.5454511991702
1,46.92124,83.3785,1.63953912211582
1,46.25302,66.06521,1.50098552368581
1,52.40546,66.73065,1.55991657171398
1,40.28902,53.28891,1.86858313879929
1,44.73831,63.29274,1.36277983337641
1,43.15397,65.65951,1.10250540124252
1,44.85846,77.73084,1.63460449525155
1,42.86439,67.90505,1.7043791138567
1,56.25276,58.54541,1.31353645422496
1,51.62415,67.15461,1.84744275524281
1,44.7667,61.48524,1.47883255383931
1,48.91067,66.60661,1.90852346247993
1,20.23477,59.03073,1.34708154993132
1,18.98427,70.79776,1.47351513803005
1,16.33768,68.84142,1.94322072458453
1,49.40031,47.88199,1.80147354817018
1,41.66533,67.50779,1.09308576257899
1,59.2293,74.68412,1.58073369390331
1,58.47326,53.63286,1.00265933619812
1,62.36667,50.95881,1.48430253611878
1,21.85536,54.86045,1.34082047990523
1,40.38865,61.31855,1.2001828532666
1,40.74187,47.65873,1.64597229659557
1,58.00854,42.82972,1.82813302357681
1,45.35452,41.83214,1.9006242917385
1,66.66133,50.6532,1.94927551434375
1,33.77558,62.47507,1.56048041954637
1,48.09134,64.89226,1.85538201173767
1,40.08256,51.44899,1.65094448253512
1,29.58933,58.19596,1.27969503984787
1,43.58031,65.94927,1.78298948798329
1,53.30803,36.98284,1.19992827042006
1,28.87137,51.90188,1.74239131226204
1,56.40753,62.59392,1.89443978783675
1,29.47485,32.19725,1.76083692722023
1,33.29645,67.43765,1.88725284859538
1,38.72936,56.59565,1.55012082774192
1,32.29439,53.9696,1.71958063892089
1,32.41527,48.44307,1.48730930476449
1,45.76281,64.38473,1.07231622189283
1,33.8258,59.16824,1.46946804597974
1,22.67527,54.22386,1.03350282693282
1,13.19942,60.1388,1.01925677689724
1,29.50579,55.28771,1.40832175058313
1,45.70325,56.31371,1.01621712744236
1,43.70217,61.486,1.75888400152326
1,29.53128,66.01217,1.41693730675615
1,34.58708,54.27694,1.44854181702249
1,51.84493,61.97,1.97451481316239
1,46.43159,55.3816,1.34202389465645
1,47.37223,63.45379,1.92540650931187
1,28.52821,68.99037,1.21431297529489
1,53.74314,61.20763,1.73429400171153
1,29.91581,63.06654,1.4128248183988
1,51.85804,68.08115,1.74259826587513
1,24.65317,60.97069,1.99060752964579
1,45.07661,64.13075,1.67906295740977
1,34.09175,59.97359,1.7041820990853
1,49.69564,67.62843,1.30179184442386
1,43.0814,55.20282,1.92772146174684
1,36.45465,50.92306,1.99679541354999
1,45.95494,50.09121,1.43672377127223
1,34.86304,61.43269,1.45960935438052
1,31.35199,65.54097,1.98787016049027
1,28.85687,70.20236,1.84725332539529
1,38.01644,45.00452,1.18039981951006
1,39.33137,61.01991,1.5904337563552
1,45.43656,53.36308,1.20795169682242
1,21.14175,39.8683,1.14688995759934
1,52.64809,71.72782,1.33581709326245
1,36.58138,39.92153,1.00772323459387
1,36.92193,64.58077,1.95335553796031
1,17.71107,64.94933,1.68763923365623
1,43.15869,54.23448,1.47626486443914
1,47.18889,60.86159,1.1173779477831
1,43.73414,62.9692,1.55085873045027
1,46.89299,65.56661,1.06408219155855
1,42.87272,43.29337,1.0811388338916
1,40.53452,61.72891,1.46503595821559
1,48.3142,54.04765,1.95918423100375
1,38.05576,45.26198,1.75706299045123
1,22.1779,68.1016,1.33049312490039
1,56.94227,86.55324,1.26510640280321
1,34.75308,55.7262,1.85299931373447
1,33.97889,52.78297,1.61205189744942
1,40.91016,65.19449,1.4250442145858
1,33.7199,57.27735,1.77708606934175
1,49.14691,64.16595,1.50841201865114
1,48.61678,65.28603,1.86059032590128
1,28.11857,45.33089,1.32454835809767
1,20.4317,51.46033,1.25014190049842
1,50.93737,74.1835,1.75096157379448
1,22.29103,75.65685,1.65650251926854
1,43.51035,58.55402,1.10459204926156
1,60.11132,58.98568,1.94467914709821
1,61.21623,69.80801,1.75723342201672
1,48.33622,41.19602,1.70434597902931
1,33.39445,65.82391,1.60721133113839
1,29.34521,59.85588,1.22919007414021
1,54.38664,80.36837,1.89437008742243
1,34.7127,57.47011,1.36179869971238
1,40.33881,57.22665,1.58710368582979
1,62.24166,51.57828,1.6861246812623
1,40.15035,56.58465,1.04139458155259
1,38.71685,70.14773,1.53955405252054
1,39.12633,60.63593,1.70907538337633
1,51.69781,63.27919,1.40031864098273
1,25.68791,40.27335,1.61863184883259
1,47.94294,43.08792,1.87108650384471
1,67.88265,60.98403,1.95886013307609
1,26.55077,50.80384,1.4885436790064
1,46.29426,47.39325,1.91970274527557
1,31.52882,62.19854,1.66346662607975
1,57.78245,63.38965,1.73869951232336
1,38.04019,67.43048,1.09062192868441
1,37.7145,51.81503,1.21664893510751
1,62.57692,60.83238,1.10812133993022
1,28.86001,51.2246,1.02202464872971
1,41.62214,58.10787,1.1379622372333
1,23.74967,67.99766,1.32575339754112
1,46.85755,54.24618,1.03522642562166
1,37.5762,62.86578,1.50918843108229
1,56.43054,64.46652,1.66902258596383
1,23.42326,62.49845,1.46811250736937
1,44.27762,57.30138,1.25835800613277
1,40.88654,73.0129,1.08885795949027
1,35.14983,69.20756,1.26244728616439
1,24.17791,55.47302,1.80045302095823
1,41.70554,59.55818,1.32861002953723
1,36.33261,42.50658,1.211091324687
1,39.01491,47.29492,1.21033144579269
1,44.81983,67.23057,1.27000382961705
1,40.07327,53.91739,1.44890182954259
1,30.90242,79.43702,1.11355769936927
1,36.81031,51.52639,1.77348344959319
1,43.03812,57.54671,1.64569674036466
1,32.79469,64.19816,1.11520346067846
1,37.48284,63.44551,1.38482185266912
1,45.29159,76.73057,1.93970670062117
1,35.24219,55.9317,1.21519191004336
1,38.39624,63.38412,1.40165196498856
1,34.79193,55.69379,1.74815800879151
1,48.43391,46.13215,1.42428577179089
1,59.01439,65.74738,1.12306102621369
1,35.53231,63.11478,1.22194836521521
1,40.90201,74.3216,1.34640890453011
1,41.53148,42.03367,1.90407943050377
1,35.52626,83.71515,1.92949999193661
1,27.84255,60.091,1.76839996431954
1,43.60266,62.19615,1.71225701458752
1,24.29746,62.7834,1.12221619975753
1,30.38543,52.90134,1.13967846543528
1,52.67648,32.67734,1.47018468938768
1,36.9756,68.24067,1.60487107583322
1,37.8756,68.28506,1.59535026550293
1,48.75739,53.39937,1.35484856716357
1,56.86054,59.49221,1.24166641221382
1,57.58251,67.85455,1.64865614613518
1,42.30235,54.44661,1.70500738476403
1,56.72005,71.69892,1.29544814233668
1,34.09218,56.2818,1.27666492713615
1,47.25593,56.96026,1.20009393291548
1,23.48291,54.36535,1.08306620246731
1,23.12866,65.25963,1.60222554043867
1,51.5916,62.71912,1.2700758187566
1,20.53896,47.69149,1.75355952559039
1,51.81452,52.07644,1.22233151085675
1,48.44256,51.18517,1.90735022164881
1,62.44255,45.78976,1.33780831331387
1,17.27593,60.46275,1.81514246342704
1,53.77579,65.79631,1.89072100189514
1,37.08417,63.94993,1.55643610749394
1,47.97955,55.61669,1.95522276242264
1,35.22937,74.55077,1.18499724706635
1,26.42555,55.0765,1.04143008519895
1,40.20962,64.5191,1.65528316586278
1,58.95403,59.6799,1.03434092225507
1,17.21381,69.54397,1.59716133726761
1,32.95241,52.18707,1.93407698930241
1,59.68467,40.53054,1.20841615297832
1,30.58042,63.08007,1.76335205859505
1,48.74949,70.51133,1.68542538653128
1,50.65636,59.32031,1.3301886068657
1,40.4251,50.73494,1.30080674006604
1,45.28402,51.53691,1.02596631227061
1,34.34718,47.58747,1.21236883942038
1,38.59024,51.33721,1.06485269777477
1,40.71961,74.12315,1.47572768479586
1,40.37913,50.36806,1.298563541146
1,47.26266,70.09016,1.19174050702713
1,34.55216,56.49265,1.31189621402882
1,42.125,66.37105,1.08051877631806
1,56.81907,44.97096,1.84721978311427
1,53.69397,66.83374,1.5165108141955
1,45.11847,74.85613,1.24451618804596
1,27.42444,66.70893,1.3881512125954
1,11.50407,56.95046,1.81898462353274
1,49.0322,62.76543,1.69879614631645
1,23.48502,75.85309,1.64484500139952
1,50.98872,71.68141,1.79540792456828
1,27.57767,62.33503,1.1941287999507
1,47.66222,65.10868,1.14394541457295
1,45.13893,67.17903,1.79788962122984
1,45.78568,69.31007,1.79099955479614
1,47.92223,65.00936,1.95126063819043
1,48.03205,47.78571,1.42393065430224
1,43.65009,56.48259,1.29687397461385
1,28.54301,59.48517,1.8963714747224
1,48.14451,60.26351,1.95537319593132
1,30.73458,53.41976,1.7104328549467
1,41.65806,72.97177,1.4563245549798
1,47.42073,72.11551,1.19676808803342
1,54.31567,51.07155,1.91930915694684
1,37.98036,67.0989,1.98704292997718
1,58.32997,63.25209,1.10876309708692
1,43.19876,60.36072,1.02899240050465
1,28.11309,72.51996,1.27819191291928
1,37.01089,69.21339,1.64485077979043
1,32.97436,69.77639,1.96749272546731
1,34.20864,61.29887,1.02455030172132
1,31.93696,62.87588,1.41797906835563
1,30.94324,70.95922,1.42571824043989
1,43.49319,59.84101,1.71970478165895
1,27.81164,72.67459,1.05006853328086
1,32.15255,42.51905,1.42631089640781
1,51.29612,79.81878,1.01108636218123
1,38.0315,54.71503,1.9320156427566
1,29.27812,62.24455,1.82349625928327
1,44.40411,68.84855,1.34333739872091
1,23.34787,61.94084,1.67138498998247
1,49.36656,64.14016,1.66648166719824
1,17.60005,69.14876,1.56240379181691
1,30.85341,54.0978,1.86577945761383
1,44.90497,63.7959,1.87832610891201
1,57.36587,58.50857,1.71295155189
1,49.0943,69.75703,1.444380013505
1,26.6611,68.32285,1.11756953247823
1,40.70467,53.43072,1.26636356348172
1,28.55086,56.30226,1.65118501870893
1,36.25912,59.3196,1.32982011442073
1,48.98826,66.10667,1.94278649659827
1,33.26312,69.86829,1.18063466181047
1,32.02353,58.18483,1.31617781682871
1,27.30424,55.4792,1.09123725211248
1,51.44975,71.13834,1.79216873692349
1,59.81329,47.9164,1.53376279794611
1,51.14651,60.196,1.49586987961084
1,61.69583,47.11762,1.07459640991874
1,36.56804,68.23382,1.36570244957693
1,40.64832,66.75034,1.36097996705212
1,45.86368,68.31128,1.68816170957871
1,44.60644,60.16793,1.14466372272
1,35.88663,49.38532,1.97245331271552
1,57.68279,60.16859,1.79037804342806
1,51.6255,49.49683,1.70718986075372
1,42.5861,62.54503,1.42322989576496
1,46.0202,56.69676,1.33329832879826
1,46.45453,58.70955,1.38183563901111
1,38.30502,49.6469,1.23116053617559
1,48.84556,65.31183,1.53922974830493
1,30.15666,63.67134,1.99611739674583
1,38.53791,56.76666,1.50444365548901
1,23.9704,68.72659,1.50267927977256
1,50.02861,63.9783,1.66675187717192
1,45.18616,61.15616,1.55651027639396
1,43.502,73.08999,1.35329497582279
1,44.7494,43.9657,1.98701699799858
1,60.56076,43.47697,1.91540837241337
1,51.11581,80.65344,1.12948776851408
1,35.88928,62.03462,1.00076053361408
1,32.33509,52.6811,1.13716221274808
1,49.07877,68.18728,1.71022374322638
1,50.33895,64.57106,1.12181200645864
1,49.26652,79.60231,1.41837414074689
1,18.55579,68.16774,1.77202302217484
1,41.00905,45.10266,1.60113274981268
1,28.00344,61.47371,1.66809413488954
1,18.14624,60.1302,1.49245664849877
1,53.95843,68.46303,1.66390730231069
1,52.5372,68.16769,1.97453644988127
1,38.93926,62.98392,1.77239336050116
1,29.05058,62.4427,1.37026847084053
1,41.75223,64.63294,1.21687016147189
1,37.64791,47.91551,1.08084215945564
1,48.79252,64.57806,1.60921430797316
1,51.77635,55.95868,1.67782801925205
1,27.10765,58.84145,1.73802928440273
1,38.6845,49.5615,1.97242952161469
1,44.48639,56.53763,1.15091055398807
1,23.60541,43.46694,1.37079075607471
1,38.7037,61.0992,1.74968172586523
1,43.00739,55.95437,1.57364552980289
1,51.56791,63.63943,1.18452374101616
1,25.26915,63.87523,1.30278415116481
1,42.56982,67.66801,1.18245835904963
1,38.08915,64.5408,1.7973086645361
1,34.78496,45.51393,1.19497263617814
1,35.88933,55.3666,1.23251283750869
1,47.22242,66.03583,1.34422417846508
1,51.96253,51.7511,1.12658655131236
1,40.78976,59.28554,1.65509420214221
1,41.27407,67.80852,1.15748952981085
1,44.66972,69.17705,1.55092061450705
1,39.15088,54.56051,1.60037563717924
1,29.16955,64.9487,1.80610663024709
1,31.77423,66.87607,1.00156715186313
1,53.4651,62.77485,1.82668125326745
1,40.41047,72.14114,1.58231178554706
1,42.61213,59.06376,1.29999572015367
1,39.57467,62.27438,1.32502864208072
1,54.50277,49.35228,1.68753965804353
1,57.91767,56.73445,1.53048902517185
1,45.64944,53.13589,1.69124182593077
1,21.88918,49.30231,1.51594607508741
1,51.04494,68.31933,1.56241426733322
1,42.09716,72.15952,1.51653585466556
1,43.04227,53.48632,1.56970481202006
1,47.14463,56.0835,1.89932712330483
1,45.62461,77.81975,1.27928255964071
1,55.20789,58.71653,1.9265827066265
1,36.05181,53.08629,1.7477956446819
1,43.73998,58.94337,1.41451387573034
1,34.23256,65.07769,1.27673532068729
1,20.95196,74.2487,1.85756050539203
1,32.88314,79.69149,1.95423116791062
1,38.36533,59.0739,1.34273652825505
1,44.56165,52.40328,1.156601394061
1,39.33794,70.14443,1.32000926719047
1,49.1245,67.76719,1.09380246815272
1,22.91567,56.11771,1.44688896881416
1,45.63892,47.58675,1.56458602729253
1,42.75653,63.07043,1.72735972772352
1,46.39609,68.40751,1.42579657887109
1,46.88703,66.433,1.31102936435491
1,54.88489,75.612,1.35434022522531
1,34.0548,57.12219,1.23243185156025
1,37.38898,62.3226,1.86805104417726
1,48.23034,62.03111,1.67733970587142
1,54.79647,59.39724,1.3681659179274
1,59.52773,50.58208,1.90551121113822
1,50.2512,67.96679,1.86650807829574
1,46.22677,54.53655,1.81270524999127
1,48.98464,58.14621,1.49729203199968
1,45.09392,64.88113,1.56894502649084
1,44.77223,44.4438,1.45989763224497
1,34.00083,59.08957,1.58901855838485
1,28.31505,36.30374,1.08642906392924
1,53.05011,67.34682,1.69148835865781
1,25.10745,42.70245,1.92112128389999
1,46.08558,61.97675,1.47775985579938
1,50.62893,45.19788,1.67599030048586
1,46.68802,47.42063,1.33788049337454
1,43.07386,77.93637,1.08195708878338
1,36.70228,53.66054,1.00214018113911
1,11.47373,68.61527,1.90887299366295
1,42.08087,66.43765,1.26431101607159
1,37.96224,52.46353,1.85269284620881
1,28.30779,70.53446,1.65675228717737
1,59.18555,62.19979,1.68339782766998
1,43.39802,63.35423,1.26584288990125
1,37.68739,55.33306,1.95219577732496
1,48.85135,64.6936,1.11618903465569
1,42.29553,61.3545,1.16788173303939
1,53.10208,61.65183,1.92825070745312
1,44.18706,56.29505,1.71182222734205
1,47.34497,61.47757,1.95956922741607
1,34.5298,67.07189,1.30926418956369
1,22.82447,57.02137,1.68203035369515
1,48.27827,53.97093,1.8968483437784
1,45.27673,52.04495,1.58341897139326
1,44.17967,64.35678,1.61862340546213
1,33.85752,60.59858,1.59764172811992
1,29.57068,55.91483,1.98170982068405
1,43.5061,62.07275,1.35906798788346
1,26.33832,73.38955,1.16720820264891
1,13.77208,64.03381,1.85937587311491
1,37.39434,60.17785,1.3129614519421
1,25.09434,55.0823,1.80439623189159
1,41.91991,45.2935,1.90290011279285
1,54.31478,53.6106,1.03384407470003
1,42.18649,61.34159,1.49283698340878
1,47.74056,60.98222,1.57754215179011
1,38.6671,54.8464,1.12965102004819
1,34.33136,63.66866,1.18282561842352
1,45.49676,46.21109,1.86259517259896
1,48.64805,50.69878,1.87966024456546
1,59.7194,53.67238,1.62328322743997
1,48.14389,64.17408,1.66132741025649
1,55.16922,76.47846,1.13390359655023
1,51.50727,65.82463,1.49270641012117
1,42.69824,71.33099,1.23941168584861
1,52.7367,66.52017,1.7644610516727
1,44.49347,44.03264,1.89026895724237
1,42.79715,51.57061,1.9565529380925
1,50.60694,52.83994,1.68522118264809
1,37.5125,68.15924,1.5307001164183
1,46.73844,65.58825,1.77213235176168
1,30.74257,54.61627,1.21784170018509
1,52.50878,63.62914,1.14024201547727
1,18.06539,67.96441,1.42948241089471
1,36.22066,49.6668,1.14477495150641
1,26.8746,69.52796,1.10550367808901
1,46.44655,53.95027,1.50339382630773
1,37.5481,59.69554,1.72389329178259
1,26.17275,73.02736,1.63513310090639
1,42.92903,70.03363,1.87174836080521
1,36.25652,64.53602,1.08661180594936
1,32.71939,57.83974,1.39590138057247
1,45.61599,61.58367,1.81471273954958
1,39.26789,57.98376,1.16081682522781
1,34.55469,66.68845,1.74701125477441
1,36.45908,70.13852,1.66119320737198
1,41.83166,77.96375,1.50659626885317
1,25.83818,63.53773,1.83592936419882
1,27.9007,58.79853,1.5719687002711
1,41.00502,68.62589,1.42422804166563
1,34.09975,75.41777,1.67516701109707
1,29.14662,51.12136,1.39061726490036
1,41.39825,53.92034,1.16365642845631
1,54.13261,51.89971,1.80032942979597
1,36.2243,62.59828,1.56777390791103
1,29.95055,56.40722,1.65436015487649
1,46.80503,70.14497,1.04511781223118
1,41.96831,67.27118,1.31540758046322
1,12.71827,62.29628,1.90980781242251
1,44.39297,59.58195,1.42688615829684
1,24.46523,63.57868,1.41241772449575
1,29.6177,59.74445,1.23639831016771
1,21.74248,50.45285,1.0084828005638
1,29.35508,70.05808,1.34277480933815
1,27.22644,75.18532,1.76631823997013
1,51.79697,61.69157,1.86571243777871
1,44.62026,47.41006,1.66415926255286
1,34.06684,52.82305,1.64234402566217
1,43.62076,50.27394,1.64211417082697
1,42.41596,68.93131,1.363090764964
1,49.61633,54.8229,1.46540868841112
1,33.73294,67.42624,1.24583169235848
1,55.72386,76.51932,1.06076364312321
1,27.83457,62.72257,1.29153081495315
1,49.89798,51.15889,1.7761511800345
1,60.58085,69.45195,1.54220704222098
1,56.16207,70.20759,1.82775239064358
1,51.31114,74.59144,1.40676804212853
1,40.39541,54.17054,1.04750306438655
1,52.45226,55.42988,1.96735266433097
1,45.69188,51.24299,1.23070800886489
1,45.85658,65.63105,1.85521302418783
1,55.69338,65.96501,1.5757430458907
1,36.04146,62.1499,1.36759807984345
1,28.33257,70.274,1.99301756964996
1,41.79587,77.08113,1.76849515247159
1,38.54986,81.29447,1.51028609555215
1,40.67175,54.77458,1.22565361252055
1,38.67076,67.80664,1.25937719969079
1,35.75459,52.14807,1.25973536609672
1,47.64047,62.95349,1.99203448742628
1,44.38814,50.86422,1.07633225037716
1,55.07092,45.49946,1.78127598599531
1,47.48012,58.80583,1.78448889241554
1,40.05356,72.84874,1.9067073201295
1,41.29422,67.83528,1.73225298314355
1,36.53526,78.04978,1.42609556647949
1,23.52244,51.33826,1.53376180003397
1,42.98621,55.51208,1.16123394924216
1,25.60867,47.51016,1.61487920046784
1,31.30385,71.48902,1.68126573320478
1,54.79936,68.69215,1.48920732038096
1,33.32064,69.45271,1.68443692848086
1,42.24906,47.52644,1.96754577080719
1,29.504,48.87712,1.34586749179289
1,31.42953,52.80237,1.92214849591255
1,51.66205,57.32732,1.42846089694649
1,38.16498,53.45429,1.25179996318184
1,44.65573,61.14825,1.35013054753654
